Distrito,N° de Escuela,Matrícula Total,1° año - Alumnos,1° año - Sobreedad,1° año - Permanencia,1° año - Aprobados,2° año - Alumnos,2° año - Sobreedad,2° año - Permanencia,2° año - Aprobados,3° año - Alumnos,3° año - Sobreedad,3° año - Permanencia,3° año - Aprobados,4° año - Alumnos,4° año - Sobreedad,4° año - Permanencia,4° año - Aprobados,5° año - Alumnos,5° año - Sobreedad,5° año - Permanencia,5° año - Aprobados,6° año - Alumnos,6° año - Sobreedad,6° año - Permanencia,6° año - Aprobados,Aprobados en PDL (%),Aprobados en Matemática (%)
1_LA PLATA,EP N° 199,354,54,0,0,54,59,2,0,59,65,1,3,62,65,1,5,60,60,5,1,59,51,2,1,50,91.05%,85.24%
1_LA PLATA,EP N° 203,213,31,0,0,31,37,1,1,36,42,1,1,41,35,2,0,35,31,0,3,28,37,5,2,35,89.26%,81.76%
1_LA PLATA,EP N° 336,193,40,0,0,40,32,0,2,30,28,1,1,27,33,2,0,33,25,4,1,24,35,0,0,35,85.63%,85.86%
1_LA PLATA,EP N° 456,270,40,0,0,40,44,4,1,43,51,1,2,49,38,0,4,34,45,0,2,43,52,4,2,50,95.80%,81.33%
1_LA PLATA,EP N° 503,183,27,0,0,27,30,1,0,30,32,1,0,32,31,3,1,30,33,0,1,32,30,3,1,29,92.32%,87.70%
1_LA PLATA,EP N° 609,440,76,0,0,76,73,3,2,71,73,4,3,70,79,3,0,79,68,7,3,65,71,5,4,67,96.25%,83.36%
1_LA PLATA,EP N° 798,278,52,0,0,52,43,1,1,42,45,4,3,42,47,2,0,47,45,1,1,44,46,3,2,44,90.09%,97.49%
1_LA PLATA,EP N° 823,316,41,0,0,41,53,2,0,53,54,1,1,53,69,7,1,68,53,7,1,52,46,3,2,44,88.33%,93.11%
1_LA PLATA,EP N° 956,440,61,0,0,61,79,2,4,75,93,4,1,92,74,5,0,74,69,4,1,68,64,5,1,63,98.11%,82.48%
1_LA PLATA,EP N° 1003,323,49,0,0,49,52,6,3,49,60,5,2,58,46,3,0,46,56,2,1,55,60,5,4,56,97.42%,94.04%
1_LA PLATA,EP N° 1123,190,32,0,0,32,33,0,0,33,29,2,1,28,27,2,0,27,34,1,2,32,35,3,1,34,86.31%,86.62%
1_LA PLATA,EP N° 1256,316,48,0,0,48,48,6,1,47,55,5,1,54,59,4,2,57,58,2,0,58,48,3,0,48,98.17%,97.17%
1_LA PLATA,EP N° 1356,246,44,0,0,44,43,6,2,41,40,1,1,39,38,1,1,37,45,5,2,43,36,2,4,32,86.96%,89.33%
1_LA PLATA,EP N° 1423,309,51,0,0,51,52,4,2,50,40,4,2,38,43,4,3,40,52,4,2,50,71,5,3,68,97.46%,86.08%
2_A ALSINA,EP N° 165,175,29,0,0,29,28,1,1,27,30,1,1,29,28,0,1,27,33,3,0,33,27,0,1,26,92.57%,91.47%
2_A ALSINA,EP N° 223,271,37,0,0,37,51,4,1,50,45,0,4,41,49,5,2,47,42,1,0,42,47,3,2,45,94.24%,85.04%
2_A ALSINA,EP N° 356,524,98,0,0,98,71,3,3,68,82,1,1,81,92,5,1,91,96,6,3,93,85,4,3,82,93.89%,80.82%
3_ALBERTI,EP N° 156,124,24,0,0,24,17,1,1,16,18,0,1,17,22,0,1,21,21,1,1,20,22,1,1,21,98.18%,86.95%
3_ALBERTI,EP N° 200,287,47,0,0,47,49,5,0,49,47,4,1,46,53,4,3,50,46,4,2,44,45,4,2,43,98.87%,87.43%
3_ALBERTI,EP N° 359,214,39,0,0,39,31,1,2,29,33,3,2,31,38,1,3,35,39,2,3,36,34,2,0,34,97.68%,81.64%
4_A BROWN,EP N° 156,325,51,0,0,51,52,4,1,51,55,2,1,54,59,5,3,56,56,1,1,55,52,3,3,49,89.91%,82.11%
4_A BROWN,EP N° 209,176,33,0,0,33,29,2,0,29,32,0,2,30,30,2,0,30,26,3,2,24,26,5,1,25,90.27%,81.50%
4_A BROWN,EP N° 359,325,61,0,0,61,57,1,2,55,51,0,1,50,54,4,2,52,46,6,1,45,56,2,4,52,85.17%,97.46%
4_A BROWN,EP N° 446,227,37,0,0,37,37,0,1,36,37,3,2,35,39,2,1,38,40,0,0,40,37,5,2,35,91.38%,91.16%
4_A BROWN,EP N° 553,163,26,0,0,26,21,1,0,21,27,4,3,24,30,1,2,28,35,3,0,35,24,3,2,22,85.63%,80.47%
4_A BROWN,EP N° 678,472,93,0,0,93,77,10,1,76,65,8,3,62,95,8,3,92,66,1,4,62,76,6,9,67,98.95%,90.00%
4_A BROWN,EP N° 701,215,38,0,0,38,31,4,1,30,35,1,1,34,29,0,1,28,41,2,2,39,41,3,1,40,97.27%,87.26%
4_A BROWN,EP N° 823,295,50,0,0,50,54,4,1,53,52,3,1,51,37,4,1,36,55,3,2,53,47,5,4,43,87.06%,96.68%
4_A BROWN,EP N° 956,60,10,0,0,10,11,0,0,11,10,1,0,10,11,0,0,11,9,1,0,9,9,0,0,9,87.37%,85.01%
4_A BROWN,EP N° 1023,338,55,0,0,55,49,2,1,48,69,1,3,66,56,4,0,56,55,5,2,53,54,2,1,53,90.19%,88.72%
4_A BROWN,EP N° 1125,98,17,0,0,17,17,0,0,17,14,1,1,13,20,0,0,20,17,1,0,17,13,0,0,13,87.96%,85.89%
4_A BROWN,EP N° 1285,99,20,0,0,20,18,2,0,18,17,1,1,16,15,1,0,15,15,1,0,15,14,0,2,12,93.48%,84.27%
4_A BROWN,EP N° 1326,180,30,0,0,30,29,1,2,27,28,0,1,27,33,0,1,32,31,5,2,29,29,1,1,28,98.01%,90.02%
4_A BROWN,EP N° 1423,327,48,0,0,48,64,5,1,63,55,3,1,54,47,1,2,45,65,2,2,63,48,3,0,48,89.71%,82.42%
5_AVELLANEDA,EP N° 199,390,61,0,0,61,72,6,2,70,57,3,1,56,70,6,5,65,64,2,3,61,66,4,3,63,86.96%,94.31%
5_AVELLANEDA,EP N° 203,240,39,0,0,39,39,1,2,37,43,2,3,40,52,3,3,49,31,2,0,31,36,3,1,35,88.25%,96.19%
5_AVELLANEDA,EP N° 336,355,45,0,0,45,63,2,4,59,67,5,1,66,64,4,2,62,58,6,3,55,58,2,2,56,85.47%,90.26%
5_AVELLANEDA,EP N° 456,178,30,0,0,30,30,1,2,28,28,3,0,28,25,1,1,24,32,2,1,31,33,1,0,33,87.54%,96.35%
5_AVELLANEDA,EP N° 503,62,11,0,0,11,10,0,0,10,9,0,0,9,10,1,1,9,10,1,0,10,12,0,1,11,98.08%,96.66%
5_AVELLANEDA,EP N° 609,406,63,0,0,63,70,9,3,67,72,5,2,70,81,2,2,79,63,4,4,59,57,3,1,56,95.33%,88.14%
5_AVELLANEDA,EP N° 798,239,32,0,0,32,38,2,1,37,38,4,1,37,48,0,2,46,45,1,4,41,38,0,5,33,92.03%,90.72%
5_AVELLANEDA,EP N° 823,136,23,0,0,23,22,0,2,20,21,0,0,21,21,1,0,21,22,1,0,22,27,1,1,26,87.17%,83.27%
5_AVELLANEDA,EP N° 956,95,15,0,0,15,14,0,0,14,20,2,1,19,18,0,0,18,14,2,0,14,14,0,0,14,95.11%,95.40%
5_AVELLANEDA,EP N° 1003,358,57,0,0,57,68,5,1,67,64,0,0,64,57,2,0,57,62,3,4,58,50,4,1,49,88.63%,86.83%
5_AVELLANEDA,EP N° 1123,82,15,0,0,15,11,1,0,11,16,0,2,14,13,2,0,13,14,2,1,13,13,0,0,13,93.87%,84.64%
6_AYACUCHO,EP N° 1256,248,44,0,0,44,43,6,1,42,41,0,3,38,39,1,1,38,46,3,2,44,35,1,0,35,86.92%,96.20%
6_AYACUCHO,EP N° 1356,320,57,0,0,57,61,2,4,57,57,3,1,56,47,1,2,45,51,1,2,49,47,2,1,46,95.07%,85.35%
6_AYACUCHO,EP N° 1423,108,15,0,0,15,22,2,2,20,15,0,0,15,18,1,0,18,22,1,1,21,16,0,0,16,95.19%,88.92%
6_AYACUCHO,EP N° 165,200,40,0,0,40,35,3,1,34,30,1,1,29,30,4,0,30,32,4,1,31,33,4,1,32,96.29%,91.86%
7_AZUL,EP N° 223,115,20,0,0,20,20,0,0,20,19,0,1,18,19,3,0,19,16,2,2,14,21,3,0,21,97.07%,95.20%
7_AZUL,EP N° 356,385,60,0,0,60,64,2,0,64,60,1,2,58,73,2,1,72,57,3,3,54,71,7,2,69,88.26%,80.44%
7_AZUL,EP N° 156,100,16,0,0,16,18,3,1,17,15,1,0,15,18,2,2,16,15,1,1,14,18,0,0,18,89.96%,85.17%
7_AZUL,EP N° 200,147,22,0,0,22,24,1,1,23,25,1,2,23,27,4,1,26,24,2,0,24,25,2,1,24,88.23%,83.18%
8_B BLANCA,EP N° 359,316,50,0,0,50,51,4,1,50,64,5,1,63,51,5,1,50,56,4,2,54,44,1,3,41,88.72%,82.33%
8_B BLANCA,EP N° 156,332,53,0,0,53,55,1,1,54,63,3,1,62,50,1,1,49,61,4,0,61,50,3,2,48,96.55%,86.26%
8_B BLANCA,EP N° 209,464,74,0,0,74,84,4,4,80,73,6,4,69,78,6,4,74,77,5,3,74,78,3,4,74,97.21%,80.53%
8_B BLANCA,EP N° 359,251,42,0,0,42,48,1,2,46,37,4,1,36,42,3,0,42,42,3,1,41,40,3,1,39,98.48%,86.15%
8_B BLANCA,EP N° 446,299,53,0,0,53,51,1,4,47,47,2,2,45,51,1,2,49,57,1,3,54,40,6,4,36,95.50%,82.34%
8_B BLANCA,EP N° 553,459,76,0,0,76,71,3,7,64,94,5,2,92,81,6,1,80,72,2,3,69,65,7,1,64,91.05%,96.99%
8_B BLANCA,EP N° 678,382,76,0,0,76,54,3,1,53,62,6,1,61,64,2,0,64,53,5,1,52,73,8,1,72,97.16%,93.98%
8_B BLANCA,EP N° 701,365,60,0,0,60,61,2,0,61,66,7,2,64,56,1,0,56,66,5,2,64,56,1,2,54,88.77%,94.36%
8_B BLANCA,EP N° 823,88,16,0,0,16,13,0,0,13,16,1,0,16,12,1,1,11,15,0,2,13,16,0,0,16,93.65%,92.64%
8_B BLANCA,EP N° 956,235,41,0,0,41,42,1,1,41,30,0,0,30,36,2,1,35,39,4,0,39,47,0,3,44,85.73%,89.74%
9_BALCARCE,EP N° 1023,404,69,0,0,69,67,5,3,64,72,2,4,68,59,4,3,56,79,5,3,76,58,1,0,58,88.46%,82.87%
9_BALCARCE,EP N° 1125,232,40,0,0,40,41,3,1,40,36,2,2,34,39,1,2,37,39,0,0,39,37,4,2,35,95.40%,87.66%
9_BALCARCE,EP N° 1285,68,10,0,0,10,9,3,0,9,12,0,1,11,13,1,1,12,11,0,0,11,13,2,0,13,93.72%,91.37%
10_BARADERO,EP N° 1326,208,34,0,0,34,34,1,0,34,34,5,0,34,32,1,2,30,37,2,1,36,37,1,1,36,98.57%,84.65%
10_BARADERO,EP N° 1423,64,9,0,0,9,12,1,0,12,10,0,0,10,11,0,0,11,12,0,0,12,10,1,0,10,87.34%,83.02%
10_BARADERO,EP N° 199,247,48,0,0,48,40,3,2,38,41,1,0,41,38,2,3,35,38,0,0,38,42,2,1,41,85.58%,82.67%
10_BARADERO,EP N° 203,276,48,0,0,48,45,2,1,44,55,1,0,55,43,2,2,41,47,6,0,47,38,3,1,37,97.15%,83.19%
10_BARADERO,EP N° 336,402,66,0,0,66,64,4,2,62,65,6,2,63,71,3,3,68,71,4,3,68,65,11,0,65,98.68%,87.32%
10_BARADERO,EP N° 456,186,31,0,0,31,31,2,1,30,29,1,1,28,33,3,2,31,28,3,0,28,34,2,0,34,89.54%,86.60%
10_BARADERO,EP N° 503,424,69,0,0,69,67,3,1,66,57,2,0,57,92,6,2,90,86,4,4,82,53,0,1,52,90.32%,87.18%
11_ARRECIFES,EP N° 609,609,102,0,0,102,117,8,5,112,97,10,0,97,100,4,0,100,99,4,6,93,94,2,5,89,89.92%,81.83%
11_ARRECIFES,EP N° 798,66,11,0,0,11,10,1,0,10,10,0,0,10,10,0,0,10,13,0,1,12,12,1,0,12,92.94%,84.62%
11_ARRECIFES,EP N° 823,109,18,0,0,18,20,2,1,19,19,3,1,18,18,2,1,17,17,1,0,17,17,2,1,16,89.95%,84.26%
12_BOLIVAR,EP N° 956,187,34,0,0,34,29,2,0,29,35,2,1,34,26,2,2,24,32,1,0,32,31,2,1,30,88.25%,87.04%
12_BOLIVAR,EP N° 1003,283,42,0,0,42,56,8,0,56,38,2,2,36,51,4,5,46,45,2,0,45,51,1,3,48,87.69%,85.82%
12_BOLIVAR,EP N° 1123,199,28,0,0,28,33,0,2,31,29,1,1,28,34,2,0,34,36,1,1,35,39,2,0,39,92.87%,97.24%
12_BOLIVAR,EP N° 1256,303,57,0,0,57,48,1,1,47,53,4,1,52,48,3,2,46,46,7,3,43,51,3,3,48,92.29%,91.22%
12_BOLIVAR,EP N° 1356,271,47,0,0,47,49,4,2,47,48,0,1,47,44,1,3,41,41,3,1,40,42,3,1,41,97.87%,88.95%
12_BOLIVAR,EP N° 1423,16,3,0,0,3,2,0,0,2,3,0,0,3,3,0,0,3,3,0,1,2,2,0,0,2,86.86%,95.52%
12_BOLIVAR,EP N° 165,277,49,0,0,49,52,2,1,51,48,2,0,48,41,0,0,41,43,6,1,42,44,2,1,43,91.15%,81.90%
13_BRAGADO,EP N° 223,325,47,0,0,47,58,4,2,56,53,1,5,48,64,1,2,62,50,4,0,50,53,3,6,47,96.40%,91.07%
13_BRAGADO,EP N° 356,331,52,0,0,52,44,1,3,41,71,4,1,70,55,5,2,53,50,4,0,50,59,0,1,58,95.64%,82.47%
13_BRAGADO,EP N° 156,14,2,0,0,2,3,0,0,3,2,0,0,2,3,0,0,3,2,0,0,2,2,0,0,2,90.26%,87.10%
13_BRAGADO,EP N° 200,463,73,0,0,73,68,5,2,66,84,4,4,80,94,6,5,89,69,5,2,67,75,2,3,72,92.17%,92.24%
13_BRAGADO,EP N° 359,175,28,0,0,28,30,0,0,30,25,1,1,24,26,2,0,26,34,1,0,34,32,0,3,29,89.14%,93.85%
13_BRAGADO,EP N° 156,103,20,0,0,20,16,1,1,15,16,1,0,16,15,3,0,15,18,1,1,17,18,0,0,18,97.99%,84.04%
14_BRANDSEN,EP N° 209,372,58,0,0,58,51,3,2,49,65,6,2,63,64,3,3,61,65,5,2,63,69,6,3,66,95.87%,91.81%
14_BRANDSEN,EP N° 359,299,41,0,0,41,51,5,1,50,45,3,2,43,50,3,1,49,59,2,2,57,53,4,2,51,87.24%,88.31%
14_BRANDSEN,EP N° 446,321,51,0,0,51,47,4,0,47,63,4,1,62,55,3,3,52,52,4,0,52,53,4,1,52,98.41%,86.62%
15_CAMPANA,EP N° 553,163,26,0,0,26,30,6,0,30,26,1,1,25,28,1,0,28,31,2,0,31,22,2,0,22,93.23%,88.66%
15_CAMPANA,EP N° 678,441,66,0,0,66,72,5,2,70,88,6,4,84,81,3,4,77,64,1,1,63,70,6,3,67,96.04%,89.31%
15_CAMPANA,EP N° 701,129,22,0,0,22,21,0,0,21,17,1,1,16,20,1,1,19,28,0,0,28,21,1,1,20,87.58%,86.52%
16_CAÑUELAS,EP N° 823,337,68,0,0,68,52,2,4,48,63,6,3,60,54,2,3,51,57,1,0,57,43,3,1,42,91.12%,93.13%
16_CAÑUELAS,EP N° 956,197,34,0,0,34,29,3,1,28,34,5,0,34,32,1,0,32,32,4,0,32,36,2,2,34,85.92%,88.78%
16_CAÑUELAS,EP N° 1023,166,20,0,0,20,32,1,2,30,29,4,0,29,30,1,0,30,31,1,1,30,24,1,3,21,93.52%,86.29%
17_C CASARES,EP N° 1125,185,27,0,0,27,31,2,0,31,35,4,2,33,31,2,0,31,29,1,1,28,32,2,1,31,94.11%,89.82%
17_C CASARES,EP N° 1285,366,64,0,0,64,58,5,1,57,59,2,1,58,57,5,2,55,66,6,4,62,62,2,2,60,98.79%,93.90%
17_C CASARES,EP N° 1326,384,62,0,0,62,61,1,2,59,87,7,2,85,63,3,3,60,52,3,2,50,59,6,2,57,87.21%,92.53%
17_C CASARES,EP N° 1423,428,65,0,0,65,79,7,4,75,68,2,4,64,67,5,1,66,88,2,5,83,61,5,2,59,98.54%,87.52%
18_C TEJEDOR,EP N° 199,147,25,0,0,25,23,0,0,23,26,2,1,25,25,0,1,24,24,0,2,22,24,2,0,24,91.60%,94.79%
18_C TEJEDOR,EP N° 203,381,53,0,0,53,66,4,3,63,63,5,3,60,67,2,1,66,68,4,3,65,64,4,2,62,89.93%,95.15%
18_C TEJEDOR,EP N° 336,318,53,0,0,53,48,4,1,47,56,4,0,56,55,2,3,52,52,2,2,50,54,2,1,53,85.46%,85.47%
18_C TEJEDOR,EP N° 456,515,89,0,0,89,85,8,4,81,90,4,5,85,95,7,3,92,82,5,4,78,74,5,2,72,98.68%,81.99%
19_C DE ARECO,EP N° 503,212,34,0,0,34,36,1,2,34,35,1,2,33,38,0,3,35,37,3,0,37,32,3,0,32,94.85%,89.73%
19_C DE ARECO,EP N° 609,378,60,0,0,60,59,0,2,57,67,3,1,66,49,4,0,49,69,7,1,68,74,2,1,73,96.12%,80.62%
19_C DE ARECO,EP N° 798,291,53,0,0,53,41,1,3,38,48,3,3,45,48,3,1,47,52,2,1,51,49,5,1,48,93.50%,91.36%
19_C DE ARECO,EP N° 823,461,87,0,0,87,79,3,2,77,70,4,3,67,65,7,2,63,73,5,0,73,87,4,2,85,91.61%,80.82%
19_C DE ARECO,EP N° 956,203,33,0,0,33,30,2,0,30,36,1,1,35,35,3,1,34,33,2,0,33,36,0,1,35,86.59%,86.21%
19_C DE ARECO,EP N° 1003,338,66,0,0,66,59,3,2,57,53,3,1,52,48,5,2,46,47,4,4,43,65,6,0,65,93.91%,80.92%
19_C DE ARECO,EP N° 1123,451,86,0,0,86,75,4,2,73,69,2,2,67,76,2,2,74,78,8,3,75,67,4,0,67,93.91%,96.44%
20_DAIREAUX,EP N° 1256,438,82,0,0,82,76,6,1,75,63,0,1,62,74,3,2,72,69,2,2,67,74,3,3,71,94.13%,95.22%
20_DAIREAUX,EP N° 1356,210,40,0,0,40,28,1,1,27,36,2,2,34,34,4,1,33,34,1,1,33,38,3,2,36,90.24%,83.00%
20_DAIREAUX,EP N° 1423,75,10,0,0,10,11,2,0,11,13,0,0,13,14,0,0,14,13,0,0,13,14,3,0,14,94.64%,82.53%
20_DAIREAUX,EP N° 165,224,35,0,0,35,38,2,0,38,36,0,1,35,34,1,2,32,42,1,3,39,39,3,2,37,98.78%,85.19%
20_DAIREAUX,EP N° 223,217,38,0,0,38,41,2,1,40,33,2,1,32,39,3,2,37,30,1,0,30,36,0,1,35,88.78%,97.40%
20_DAIREAUX,EP N° 356,37,6,0,0,6,5,0,0,5,6,0,0,6,6,0,0,6,7,0,0,7,7,0,1,6,97.73%,93.00%
20_DAIREAUX,EP N° 156,89,16,0,0,16,15,0,1,14,15,0,1,14,14,2,0,14,15,1,1,14,14,1,0,14,89.00%,83.66%
21_CASTELLI,EP N° 200,215,39,0,0,39,25,2,2,23,46,6,1,45,36,2,3,33,36,1,0,36,33,3,2,31,85.87%,95.90%
21_CASTELLI,EP N° 359,363,72,0,0,72,44,3,3,41,67,5,3,64,64,5,0,64,60,5,1,59,56,2,4,52,85.12%,97.96%
21_CASTELLI,EP N° 156,415,69,0,0,69,70,5,1,69,69,5,3,66,74,7,2,72,70,2,2,68,63,3,0,63,89.88%,82.00%
22_COLON,EP N° 209,176,23,0,0,23,31,0,1,30,33,0,0,33,34,2,0,34,28,3,2,26,27,1,2,25,89.50%,88.58%
22_COLON,EP N° 359,324,49,0,0,49,58,3,2,56,59,1,3,56,36,2,1,35,59,1,2,57,63,5,3,60,92.74%,89.36%
22_COLON,EP N° 446,149,27,0,0,27,24,1,1,23,23,2,0,23,24,2,0,24,26,0,0,26,25,2,0,25,96.75%,80.07%
22_COLON,EP N° 553,360,55,0,0,55,57,3,1,56,59,5,1,58,63,3,4,59,63,3,5,58,63,4,1,62,93.86%,92.67%
22_COLON,EP N° 678,209,37,0,0,37,39,5,2,37,34,1,0,34,34,3,1,33,33,5,1,32,32,2,1,31,87.92%,86.64%
22_COLON,EP N° 701,217,34,0,0,34,33,3,2,31,41,1,2,39,39,1,2,37,34,2,0,34,36,3,0,36,94.03%,87.11%
22_COLON,EP N° 823,153,24,0,0,24,29,3,0,29,25,0,1,24,26,1,2,24,26,1,0,26,23,1,1,22,85.14%,88.35%
23_C DORREGO,EP N° 956,284,49,0,0,49,39,3,2,37,52,3,4,48,49,1,1,48,49,0,1,48,46,2,1,45,85.02%,85.40%
23_C DORREGO,EP N° 1023,444,77,0,0,77,76,7,0,76,77,6,2,75,78,4,1,77,75,6,2,73,61,1,4,57,98.20%,94.13%
23_C DORREGO,EP N° 1125,255,47,0,0,47,39,1,0,39,42,3,2,40,39,4,1,38,47,2,2,45,41,5,1,40,91.58%,96.02%
23_C DORREGO,EP N° 1285,125,19,0,0,19,20,0,0,20,17,0,2,15,25,1,0,25,24,0,0,24,20,2,0,20,92.65%,87.79%
24_C PRINGLES,EP N° 1326,97,16,0,0,16,16,3,0,16,18,3,3,15,13,0,0,13,17,0,1,16,17,2,0,17,91.68%,92.93%
24_C PRINGLES,EP N° 1423,276,49,0,0,49,38,3,0,38,54,3,0,54,47,0,1,46,39,2,2,37,49,4,0,49,91.00%,80.53%
24_C PRINGLES,EP N° 199,494,84,0,0,84,83,4,5,78,80,11,0,80,80,4,3,77,100,9,6,94,67,6,1,66,92.90%,86.45%
24_C PRINGLES,EP N° 203,384,56,0,0,56,71,2,4,67,66,2,0,66,58,1,1,57,62,7,2,60,71,4,2,69,92.23%,93.66%
24_C PRINGLES,EP N° 336,152,23,0,0,23,27,2,1,26,31,2,0,31,23,1,2,21,29,1,0,29,19,2,1,18,89.65%,92.49%
24_C PRINGLES,EP N° 456,290,52,0,0,52,56,2,3,53,38,2,0,38,50,1,2,48,45,6,0,45,49,2,1,48,88.23%,80.03%
24_C PRINGLES,EP N° 503,346,50,0,0,50,63,3,1,62,62,3,2,60,55,3,3,52,62,5,5,57,54,3,2,52,86.10%,89.80%
25_C SUAREZ,EP N° 609,475,66,0,0,66,78,6,2,76,79,4,3,76,60,5,0,60,91,5,5,86,101,8,4,97,95.00%,88.31%
25_C SUAREZ,EP N° 798,306,52,0,0,52,53,2,3,50,52,2,1,51,52,4,2,50,54,6,1,53,43,4,2,41,90.38%,80.45%
25_C SUAREZ,EP N° 823,220,31,0,0,31,36,3,2,34,40,0,1,39,38,3,2,36,40,2,1,39,35,1,2,33,87.20%,85.58%
25_C SUAREZ,EP N° 956,349,56,0,0,56,66,3,2,64,63,4,3,60,56,3,1,55,60,3,1,59,48,4,1,47,85.96%,94.11%
25_C SUAREZ,EP N° 1003,368,63,0,0,63,54,4,1,53,66,7,2,64,63,4,2,61,65,5,0,65,57,2,1,56,91.05%,97.65%
25_C SUAREZ,EP N° 1123,251,41,0,0,41,44,4,2,42,40,2,1,39,37,1,1,36,42,1,1,41,47,3,0,47,86.06%,97.13%
26_CHACABUCO,EP N° 1256,284,43,0,0,43,45,3,2,43,39,0,3,36,51,2,2,49,51,2,1,50,55,4,3,52,98.25%,81.91%
26_CHACABUCO,EP N° 1356,331,59,0,0,59,59,4,2,57,47,2,0,47,46,2,4,42,60,3,3,57,60,8,0,60,85.12%,87.80%
26_CHACABUCO,EP N° 1423,139,25,0,0,25,23,3,0,23,23,2,0,23,20,1,1,19,21,2,0,21,27,1,2,25,95.34%,80.25%
26_CHACABUCO,EP N° 165,167,27,0,0,27,26,0,1,25,27,2,1,26,27,4,2,25,30,3,2,28,30,1,1,29,95.40%,93.28%
27_CHASCOMUS,EP N° 223,386,54,0,0,54,60,3,4,56,67,3,1,66,77,7,3,74,58,4,1,57,70,5,2,68,91.20%,91.69%
27_CHASCOMUS,EP N° 356,216,38,0,0,38,33,1,1,32,34,0,1,33,32,2,0,32,41,1,0,41,38,4,2,36,86.55%,85.21%
27_CHASCOMUS,EP N° 156,282,45,0,0,45,46,3,1,45,43,4,2,41,43,2,3,40,51,2,1,50,54,6,3,51,86.44%,87.07%
27_CHASCOMUS,EP N° 200,313,66,0,0,66,51,4,3,48,47,5,2,45,61,2,2,59,42,1,2,40,46,1,0,46,95.06%,93.18%
27_CHASCOMUS,EP N° 359,213,34,0,0,34,40,0,0,40,36,0,0,36,33,2,1,32,33,1,3,30,37,3,1,36,90.82%,87.72%
27_CHASCOMUS,EP N° 156,476,86,0,0,86,74,4,2,72,88,8,3,85,72,5,1,71,83,4,1,82,73,4,4,69,87.86%,89.14%
28_CHIVILCOY,EP N° 209,373,56,0,0,56,58,5,0,58,77,5,3,74,51,2,0,51,60,5,3,57,71,6,2,69,89.67%,94.25%
28_CHIVILCOY,EP N° 359,107,18,0,0,18,17,1,1,16,18,2,0,18,20,3,0,20,13,1,0,13,21,1,4,17,92.83%,85.78%
28_CHIVILCOY,EP N° 446,191,33,0,0,33,30,1,0,30,33,3,1,32,26,2,0,26,38,2,0,38,31,3,2,29,92.68%,81.20%
28_CHIVILCOY,EP N° 553,362,64,0,0,64,59,5,2,57,60,2,2,58,64,2,1,63,59,6,3,56,56,4,2,54,97.45%,90.42%
28_CHIVILCOY,EP N° 678,301,45,0,0,45,54,3,2,52,46,2,0,46,47,1,1,46,52,2,0,52,57,4,1,56,96.51%,91.87%
28_CHIVILCOY,EP N° 701,193,35,0,0,35,27,4,1,26,35,1,0,35,34,1,1,33,28,1,1,27,34,3,0,34,86.24%,92.58%
28_CHIVILCOY,EP N° 823,319,50,0,0,50,44,0,0,44,60,1,2,58,47,2,3,44,55,6,6,49,63,6,3,60,88.49%,90.38%
29_DOLORES,EP N° 956,359,65,0,0,65,53,0,1,52,59,5,2,57,68,3,0,68,51,4,2,49,63,4,2,61,97.10%,90.56%
29_DOLORES,EP N° 1023,393,68,0,0,68,67,5,2,65,60,2,2,58,79,8,5,74,69,3,7,62,50,7,2,48,96.26%,92.87%
29_DOLORES,EP N° 1125,221,34,0,0,34,41,3,1,40,31,4,0,31,42,3,2,40,34,1,0,34,39,1,2,37,91.37%,92.02%
29_DOLORES,EP N° 1285,468,75,0,0,75,82,1,4,78,93,8,4,89,87,9,3,84,55,2,2,53,76,3,4,72,93.16%,90.67%
29_DOLORES,EP N° 1326,212,35,0,0,35,35,0,1,34,34,4,2,32,31,3,2,29,38,1,2,36,39,7,0,39,97.56%,91.21%
30_E ECHEVERRIA,EP N° 1423,190,32,0,0,32,34,3,0,34,30,5,2,28,32,3,3,29,32,0,0,32,30,1,1,29,88.76%,81.82%
30_E ECHEVERRIA,EP N° 199,236,38,0,0,38,39,1,2,37,42,2,1,41,37,1,1,36,38,3,0,38,42,1,1,41,97.11%,82.79%
30_E ECHEVERRIA,EP N° 203,189,33,0,0,33,30,1,1,29,32,2,1,31,35,1,1,34,33,0,1,32,26,1,2,24,85.80%,87.53%
31_E DE LA CRUZ,EP N° 336,516,76,0,0,76,97,8,5,92,87,4,3,84,77,3,2,75,88,7,2,86,91,5,4,87,90.70%,85.91%
31_E DE LA CRUZ,EP N° 456,288,52,0,0,52,42,1,0,42,54,3,2,52,52,2,2,50,51,1,2,49,37,1,0,37,88.06%,83.29%
31_E DE LA CRUZ,EP N° 503,213,38,0,0,38,30,1,2,28,35,1,0,35,39,4,0,39,35,3,0,35,36,1,0,36,85.01%,95.67%
31_E DE LA CRUZ,EP N° 609,219,41,0,0,41,44,4,0,44,29,0,1,28,36,4,0,36,34,1,2,32,35,2,1,34,95.65%,82.78%
32_F VARELA,EP N° 798,14,2,0,0,2,2,0,0,2,3,0,0,3,3,0,0,3,2,0,0,2,2,0,0,2,85.35%,88.08%
32_F VARELA,EP N° 823,461,74,0,0,74,83,5,1,82,76,6,2,74,69,5,1,68,72,5,2,70,87,9,2,85,85.93%,80.34%
32_F VARELA,EP N° 956,282,54,0,0,54,42,2,0,42,51,6,2,49,46,3,2,44,48,2,3,45,41,1,3,38,85.14%,92.89%
32_F VARELA,EP N° 1003,402,71,0,0,71,76,10,1,75,60,3,1,59,63,3,3,60,69,1,0,69,63,2,2,61,87.11%,97.43%
32_F VARELA,EP N° 1123,262,30,0,0,30,45,3,2,43,37,3,1,36,41,2,3,38,56,6,3,53,53,2,0,53,87.58%,86.16%
32_F VARELA,EP N° 1256,136,26,0,0,26,22,0,1,21,17,1,0,17,23,2,0,23,25,1,1,24,23,2,2,21,96.49%,90.20%
32_F VARELA,EP N° 1356,361,62,0,0,62,48,0,3,45,53,5,0,53,51,1,4,47,77,3,0,77,70,1,3,67,92.45%,81.86%
32_F VARELA,EP N° 1423,313,59,0,0,59,49,2,3,46,44,0,0,44,52,4,1,51,61,2,2,59,48,2,2,46,96.49%,88.59%
32_F VARELA,EP N° 165,110,16,0,0,16,18,0,0,18,22,1,0,22,18,1,1,17,21,2,0,21,15,2,0,15,98.07%,92.31%
32_F VARELA,EP N° 223,216,35,0,0,35,38,2,1,37,40,6,1,39,33,3,0,33,33,2,3,30,37,3,0,37,89.97%,89.91%
32_F VARELA,EP N° 356,431,66,0,0,66,72,4,1,71,78,2,2,76,83,6,0,83,61,3,1,60,71,1,2,69,87.35%,95.83%
32_F VARELA,EP N° 156,235,31,0,0,31,40,2,2,38,40,3,1,39,42,3,1,41,35,3,2,33,47,1,2,45,92.56%,95.20%
32_F VARELA,EP N° 200,31,5,0,0,5,5,1,0,5,6,0,0,6,4,0,0,4,6,0,1,5,5,0,0,5,94.40%,94.50%
32_F VARELA,EP N° 359,336,53,0,0,53,57,5,1,56,64,5,0,64,60,7,1,59,45,2,1,44,57,3,0,57,87.39%,87.53%
33_G ALVARADO,EP N° 156,307,54,0,0,54,51,1,0,51,48,3,2,46,49,0,3,46,49,7,0,49,56,6,1,55,85.71%,80.71%
33_G ALVARADO,EP N° 209,222,29,0,0,29,44,0,1,43,37,2,1,36,37,5,1,36,42,1,3,39,33,1,1,32,85.71%,87.67%
33_G ALVARADO,EP N° 359,300,57,0,0,57,49,4,3,46,49,1,1,48,59,1,1,58,51,4,0,51,35,1,1,34,92.42%,82.90%
33_G ALVARADO,EP N° 446,225,44,0,0,44,39,3,0,39,35,1,1,34,34,3,0,34,37,3,0,37,36,3,0,36,97.41%,96.12%
33_G ALVARADO,EP N° 553,137,22,0,0,22,20,2,1,19,23,2,1,22,21,2,0,21,24,2,0,24,27,3,0,27,91.55%,91.15%
33_G ALVARADO,EP N° 678,440,66,0,0,66,63,3,2,61,78,8,3,75,86,7,3,83,72,6,1,71,75,7,1,74,86.76%,97.62%
34_G ALVEAR,EP N° 701,378,67,0,0,67,73,5,2,71,54,4,2,52,51,4,1,50,59,4,1,58,74,3,0,74,86.83%,90.91%
34_G ALVEAR,EP N° 823,343,53,0,0,53,67,4,4,63,56,0,0,56,44,2,0,44,51,3,0,51,72,3,3,69,98.51%,80.91%
34_G ALVEAR,EP N° 956,320,54,0,0,54,49,1,0,49,65,4,1,64,47,1,2,45,53,2,2,51,52,4,2,50,94.51%,97.03%
34_G ALVEAR,EP N° 1023,284,45,0,0,45,46,3,2,44,49,4,1,48,51,4,2,49,45,1,2,43,48,5,2,46,86.45%,87.24%
34_G ALVEAR,EP N° 1125,378,68,0,0,68,56,2,0,56,73,4,4,69,63,4,0,63,67,4,1,66,51,2,0,51,89.41%,81.74%
35_G ARENALES,EP N° 1285,458,88,0,0,88,53,5,6,47,87,4,2,85,79,4,3,76,65,2,2,63,86,3,3,83,94.71%,92.61%
35_G ARENALES,EP N° 1326,354,58,0,0,58,67,4,1,66,55,0,1,54,70,6,1,69,49,1,4,45,55,4,2,53,86.20%,81.03%
35_G ARENALES,EP N° 1423,154,26,0,0,26,23,1,0,23,29,0,1,28,27,2,0,27,28,3,2,26,21,1,1,20,90.11%,91.54%
35_G ARENALES,EP N° 199,111,17,0,0,17,19,1,2,17,21,0,0,21,15,1,0,15,20,2,0,20,19,0,0,19,93.18%,97.45%
35_G ARENALES,EP N° 203,232,39,0,0,39,42,2,1,41,45,8,1,44,37,2,1,36,33,2,1,32,36,3,0,36,96.39%,96.93%
36_G BELGRANO,EP N° 336,320,54,0,0,54,53,3,2,51,46,2,1,45,52,1,2,50,47,1,0,47,68,6,2,66,89.84%,94.45%
36_G BELGRANO,EP N° 456,402,62,0,0,62,69,4,4,65,55,1,0,55,62,3,2,60,73,6,0,73,81,5,3,78,96.60%,94.10%
36_G BELGRANO,EP N° 503,277,48,0,0,48,51,3,4,47,34,3,1,33,45,2,2,43,46,2,0,46,53,3,1,52,91.20%,80.87%
36_G BELGRANO,EP N° 609,315,52,0,0,52,52,3,1,51,51,5,2,49,58,5,2,56,53,3,2,51,49,2,2,47,93.00%,83.33%
37_G GUIDO,EP N° 798,270,44,0,0,44,48,2,2,46,57,1,1,56,45,1,1,44,45,0,1,44,31,1,2,29,87.03%,89.10%
37_G GUIDO,EP N° 823,537,104,0,0,104,106,9,3,103,88,6,0,88,73,8,4,69,82,3,1,81,84,3,2,82,88.44%,86.45%
37_G GUIDO,EP N° 956,370,48,0,0,48,73,4,2,71,75,4,0,75,57,1,4,53,60,4,2,58,57,2,0,57,87.51%,94.36%
37_G GUIDO,EP N° 1003,85,14,0,0,14,17,1,2,15,13,0,1,12,13,3,0,13,14,0,0,14,14,0,2,12,87.53%,94.38%
38_G LAMADRID,EP N° 1123,398,62,0,0,62,84,7,4,80,55,5,0,55,63,3,2,61,73,4,2,71,61,2,1,60,98.29%,95.83%
38_G LAMADRID,EP N° 1256,456,72,0,0,72,67,5,2,65,60,4,2,58,68,2,2,66,97,4,4,93,92,2,2,90,95.92%,90.15%
38_G LAMADRID,EP N° 1356,350,54,0,0,54,73,6,2,71,65,4,0,65,58,4,2,56,51,2,0,51,49,4,0,49,93.19%,96.95%
38_G LAMADRID,EP N° 1423,261,44,0,0,44,37,0,1,36,33,2,2,31,51,2,0,51,46,5,2,44,50,4,1,49,95.50%,96.43%
38_G LAMADRID,EP N° 165,115,20,0,0,20,18,0,0,18,18,1,1,17,24,0,0,24,17,0,0,17,18,1,1,17,85.19%,91.69%
39_G LAVALLE,EP N° 223,167,30,0,0,30,28,4,0,28,34,2,1,33,22,3,4,18,23,3,0,23,30,1,2,28,88.59%,83.97%
39_G LAVALLE,EP N° 356,505,86,0,0,86,94,7,2,92,77,4,1,76,86,9,2,84,87,7,4,83,75,5,3,72,93.05%,83.72%
39_G LAVALLE,EP N° 156,229,30,0,0,30,40,2,1,39,35,2,0,35,43,1,2,41,38,3,3,35,43,4,0,43,98.39%,86.78%
40_G MADARIAGA,EP N° 200,210,35,0,0,35,31,1,0,31,35,3,2,33,39,4,2,37,34,1,1,33,36,1,1,35,94.04%,89.19%
40_G MADARIAGA,EP N° 359,319,50,0,0,50,48,4,3,45,60,5,3,57,44,5,1,43,59,4,1,58,58,6,0,58,85.75%,92.91%
40_G MADARIAGA,EP N° 156,431,68,0,0,68,59,5,2,57,65,2,3,62,89,5,4,85,71,6,3,68,79,4,4,75,95.16%,82.03%
41_G PAZ,EP N° 209,431,74,0,0,74,65,1,5,60,75,3,1,74,78,8,1,77,62,2,0,62,77,5,6,71,90.17%,86.43%
41_G PAZ,EP N° 359,290,37,0,0,37,57,3,2,55,50,1,4,46,49,4,2,47,50,2,1,49,47,4,2,45,90.87%,88.24%
41_G PAZ,EP N° 446,343,62,0,0,62,51,3,1,50,62,3,0,62,56,2,1,55,52,1,0,52,60,5,4,56,91.03%,82.14%
41_G PAZ,EP N° 553,16,3,0,0,3,3,0,0,3,2,0,1,1,3,0,0,3,2,0,0,2,3,0,1,2,95.56%,84.47%
41_G PAZ,EP N° 678,274,46,0,0,46,45,4,0,45,39,0,1,38,52,2,3,49,50,0,1,49,42,1,0,42,85.95%,83.37%
41_G PAZ,EP N° 701,53,10,0,0,10,7,1,1,6,8,0,0,8,9,0,0,9,9,0,1,8,10,0,0,10,97.73%,83.42%
42_G PINTO,EP N° 823,170,28,0,0,28,32,0,3,29,29,1,2,27,26,0,1,25,27,1,0,27,28,1,0,28,92.62%,82.88%
42_G PINTO,EP N° 956,157,29,0,0,29,28,3,1,27,21,2,0,21,25,1,0,25,28,0,0,28,26,0,0,26,98.27%,82.54%
42_G PINTO,EP N° 1023,266,40,0,0,40,44,6,1,43,39,3,0,39,49,1,3,46,49,1,1,48,45,2,2,43,89.98%,82.67%
43_G PUEYRREDON,EP N° 1125,425,73,0,0,73,61,2,1,60,67,3,2,65,83,4,4,79,76,3,2,74,65,2,4,61,89.80%,92.31%
43_G PUEYRREDON,EP N° 1285,316,52,0,0,52,54,4,1,53,50,1,1,49,53,1,3,50,54,1,1,53,53,6,0,53,98.52%,83.70%
43_G PUEYRREDON,EP N° 1326,316,62,0,0,62,52,3,0,52,58,2,4,54,45,4,1,44,42,5,2,40,57,1,1,56,91.51%,84.09%
43_G PUEYRREDON,EP N° 1423,311,51,0,0,51,51,3,1,50,49,3,1,48,53,6,2,51,54,2,1,53,53,5,1,52,96.12%,96.94%
43_G PUEYRREDON,EP N° 199,448,79,0,0,79,76,4,0,76,76,4,3,73,87,4,3,84,70,2,3,67,60,2,3,57,91.76%,83.89%
44_G RODRIGUEZ,EP N° 203,321,49,0,0,49,53,3,3,50,61,2,1,60,51,1,0,51,55,3,0,55,52,4,2,50,95.24%,93.86%
44_G RODRIGUEZ,EP N° 336,294,49,0,0,49,54,1,3,51,39,1,1,38,49,2,1,48,53,5,1,52,50,1,1,49,87.32%,92.72%
44_G RODRIGUEZ,EP N° 456,342,68,0,0,68,57,2,1,56,53,3,3,50,52,4,1,51,54,2,0,54,58,4,0,58,89.24%,89.58%
44_G RODRIGUEZ,EP N° 503,563,99,0,0,99,81,5,6,75,74,6,4,70,91,3,3,88,100,7,3,97,118,6,3,115,87.77%,94.49%
44_G RODRIGUEZ,EP N° 609,129,28,0,0,28,20,1,0,20,17,3,2,15,25,1,0,25,17,2,0,17,22,1,1,21,91.79%,81.54%
45_G SAN MARTIN,EP N° 798,267,48,0,0,48,38,2,1,37,49,1,0,49,43,1,1,42,49,4,0,49,40,0,0,40,96.68%,82.12%
45_G SAN MARTIN,EP N° 823,278,48,0,0,48,45,4,1,44,45,2,1,44,48,3,1,47,45,2,0,45,47,4,4,43,98.58%,95.57%
45_G SAN MARTIN,EP N° 956,448,84,0,0,84,84,5,2,82,63,5,1,62,81,2,2,79,74,7,2,72,62,3,3,59,92.83%,89.27%
45_G SAN MARTIN,EP N° 1003,313,50,0,0,50,53,3,0,53,53,3,0,53,52,3,2,50,56,4,3,53,49,3,0,49,89.34%,83.63%
45_G SAN MARTIN,EP N° 1123,288,50,0,0,50,42,1,2,40,55,3,1,54,46,2,1,45,49,1,5,44,46,1,2,44,90.96%,90.18%
45_G SAN MARTIN,EP N° 1256,242,45,0,0,45,37,4,0,37,43,2,2,41,39,1,3,36,33,4,0,33,45,2,2,43,95.71%,96.73%
45_G SAN MARTIN,EP N° 1356,349,52,0,0,52,56,3,1,55,57,2,5,52,66,8,1,65,63,5,2,61,55,6,1,54,89.57%,93.61%
46_G SARMIENTO,EP N° 1423,291,59,0,0,59,40,2,2,38,48,1,1,47,38,2,0,38,55,2,2,53,51,4,1,50,94.82%,87.39%
46_G SARMIENTO,EP N° 165,253,41,0,0,41,46,0,1,45,47,7,1,46,45,4,1,44,41,4,2,39,33,1,3,30,94.76%,81.50%
46_G SARMIENTO,EP N° 223,16,2,0,0,2,3,0,0,3,3,0,0,3,2,0,0,2,3,0,0,3,3,1,0,3,87.70%,82.32%
46_G SARMIENTO,EP N° 356,372,59,0,0,59,52,1,1,51,63,7,1,62,64,2,4,60,67,4,3,64,67,3,1,66,85.55%,80.39%
46_G SARMIENTO,EP N° 156,199,32,0,0,32,36,2,1,35,33,3,0,33,34,3,2,32,40,2,1,39,24,3,2,22,89.70%,91.07%
47_ZARATE,EP N° 200,15,3,0,0,3,3,0,0,3,2,0,1,1,3,0,0,3,2,0,0,2,2,0,0,2,98.53%,97.00%
47_ZARATE,EP N° 359,130,25,0,0,25,17,2,0,17,23,0,0,23,24,1,1,23,23,1,0,23,18,0,2,16,96.95%,88.97%
47_ZARATE,EP N° 156,115,19,0,0,19,22,1,3,19,18,1,0,18,16,1,0,16,19,1,1,18,21,1,0,21,96.34%,84.29%
48_G VIAMONTE,EP N° 209,261,44,0,0,44,35,1,0,35,44,2,4,40,55,3,3,52,45,4,1,44,38,3,1,37,86.29%,88.24%
48_G VIAMONTE,EP N° 359,376,62,0,0,62,70,8,2,68,62,3,2,60,56,4,0,56,72,1,2,70,54,3,1,53,87.69%,85.57%
48_G VIAMONTE,EP N° 446,154,23,0,0,23,25,1,1,24,27,2,0,27,26,2,0,26,28,1,2,26,25,0,2,23,91.44%,83.92%
48_G VIAMONTE,EP N° 553,389,57,0,0,57,61,3,1,60,71,3,2,69,61,3,1,60,75,9,5,70,64,1,1,63,88.74%,89.11%
48_G VIAMONTE,EP N° 678,364,63,0,0,63,62,6,1,61,51,1,2,49,68,0,2,66,68,5,1,67,52,5,1,51,91.25%,93.09%
48_G VIAMONTE,EP N° 701,328,50,0,0,50,64,2,3,61,60,4,1,59,44,3,3,41,56,4,2,54,54,2,1,53,89.34%,83.27%
49_G VILLEGAS,EP N° 823,265,34,0,0,34,46,2,1,45,48,1,2,46,49,4,2,47,47,4,1,46,41,3,1,40,92.40%,80.62%
49_G VILLEGAS,EP N° 956,176,32,0,0,32,25,1,0,25,29,2,2,27,22,0,1,21,39,4,2,37,29,0,0,29,88.60%,82.44%
49_G VILLEGAS,EP N° 1023,275,44,0,0,44,40,5,1,39,52,1,2,50,53,2,2,51,43,5,0,43,43,3,2,41,96.71%,97.54%
49_G VILLEGAS,EP N° 1125,322,62,0,0,62,49,3,4,45,57,6,1,56,54,5,2,52,52,3,0,52,48,5,2,46,89.36%,89.46%
49_G VILLEGAS,EP N° 1285,15,2,0,0,2,2,0,0,2,3,0,0,3,3,0,0,3,3,1,0,3,2,0,0,2,86.08%,92.07%
49_G VILLEGAS,EP N° 1326,208,36,0,0,36,38,4,0,38,32,2,0,32,36,0,2,34,36,2,1,35,30,3,1,29,87.61%,83.39%
49_G VILLEGAS,EP N° 1423,313,53,0,0,53,48,0,0,48,54,2,1,53,48,3,1,47,53,4,2,51,57,2,1,56,86.77%,82.34%
50_G CHAVES,EP N° 199,392,66,0,0,66,63,2,0,63,65,6,2,63,72,5,4,68,67,1,3,64,59,4,1,58,98.41%,80.60%
50_G CHAVES,EP N° 203,352,52,0,0,52,63,5,1,62,60,6,1,59,49,1,2,47,67,2,2,65,61,2,1,60,94.57%,90.69%
50_G CHAVES,EP N° 336,161,32,0,0,32,21,4,0,21,24,1,0,24,23,3,0,23,30,3,0,30,31,1,3,28,91.34%,97.02%
51_GUAMINI,EP N° 456,299,43,0,0,43,57,2,1,56,49,4,0,49,45,1,2,43,48,3,1,47,57,4,2,55,93.80%,84.79%
51_GUAMINI,EP N° 503,258,41,0,0,41,44,4,5,39,48,1,2,46,47,1,2,45,40,4,1,39,38,2,0,38,95.67%,96.85%
51_GUAMINI,EP N° 609,508,87,0,0,87,89,4,1,88,88,6,3,85,81,3,3,78,83,6,1,82,80,7,1,79,94.13%,87.29%
51_GUAMINI,EP N° 798,169,28,0,0,28,30,7,0,30,26,1,1,25,32,0,3,29,28,4,0,28,25,1,1,24,90.30%,81.59%
51_GUAMINI,EP N° 823,244,34,0,0,34,48,1,5,43,37,0,0,37,43,1,1,42,39,4,1,38,43,3,2,41,87.44%,86.50%
51_GUAMINI,EP N° 956,192,33,0,0,33,35,7,1,34,24,2,0,24,34,4,1,33,38,3,1,37,28,0,0,28,97.23%,84.26%
52_JUAREZ,EP N° 1003,232,43,0,0,43,35,1,1,34,46,1,0,46,37,0,1,36,45,0,1,44,26,2,0,26,95.25%,84.19%
52_JUAREZ,EP N° 1123,310,61,0,0,61,48,3,3,45,48,2,1,47,55,3,1,54,58,2,2,56,40,2,3,37,96.21%,88.12%
52_JUAREZ,EP N° 1256,16,3,0,0,3,3,0,0,3,2,1,0,2,2,1,0,2,3,0,0,3,3,0,0,3,91.26%,94.00%
53_JUNIN,EP N° 1356,201,32,0,0,32,36,3,1,35,33,2,0,33,36,1,3,33,27,0,1,26,37,3,1,36,93.60%,96.06%
53_JUNIN,EP N° 1423,147,25,0,0,25,24,1,3,21,30,2,0,30,23,0,0,23,21,0,2,19,24,4,0,24,89.74%,80.13%
53_JUNIN,EP N° 165,380,69,0,0,69,63,5,2,61,63,1,2,61,57,5,3,54,53,3,4,49,75,4,4,71,97.71%,81.57%
53_JUNIN,EP N° 223,217,33,0,0,33,38,3,2,36,36,0,0,36,35,2,1,34,39,3,2,37,36,0,1,35,91.43%,88.98%
53_JUNIN,EP N° 356,303,47,0,0,47,59,3,0,59,50,4,0,50,51,1,4,47,55,3,0,55,41,4,2,39,98.71%,89.03%
53_JUNIN,EP N° 156,356,71,0,0,71,57,1,2,55,53,3,3,50,60,6,0,60,58,6,0,58,57,4,0,57,93.72%,86.41%
53_JUNIN,EP N° 200,187,34,0,0,34,27,2,2,25,34,1,2,32,28,1,0,28,32,3,2,30,32,3,3,29,92.19%,97.11%
53_JUNIN,EP N° 359,143,18,0,0,18,28,3,1,27,22,2,1,21,16,1,0,16,34,1,2,32,25,1,0,25,86.50%,84.30%
53_JUNIN,EP N° 156,241,44,0,0,44,42,2,0,42,36,1,1,35,32,2,3,29,46,2,1,45,41,3,0,41,94.93%,80.38%
53_JUNIN,EP N° 209,84,16,0,0,16,13,0,0,13,15,0,1,14,12,0,1,11,16,0,1,15,12,0,0,12,91.90%,81.47%
53_JUNIN,EP N° 359,269,45,0,0,45,44,2,2,42,48,3,5,43,48,1,0,48,37,0,6,31,47,3,1,46,87.12%,85.12%
53_JUNIN,EP N° 446,354,67,0,0,67,53,3,0,53,62,4,3,59,57,3,1,56,54,3,1,53,61,4,4,57,93.12%,89.72%
53_JUNIN,EP N° 553,370,70,0,0,70,63,2,1,62,61,2,1,60,62,3,5,57,50,1,0,50,64,1,3,61,92.17%,89.49%
54_LAPRIDA,EP N° 678,200,29,0,0,29,35,1,0,35,29,0,3,26,36,0,2,34,32,0,0,32,39,3,1,38,95.96%,96.87%
54_LAPRIDA,EP N° 701,169,29,0,0,29,30,1,0,30,26,2,0,26,28,0,2,26,30,1,0,30,26,1,0,26,90.61%,86.31%
54_LAPRIDA,EP N° 823,252,46,0,0,46,46,1,1,45,37,3,2,35,41,1,1,40,44,1,4,40,38,3,1,37,93.10%,96.40%
54_LAPRIDA,EP N° 956,122,20,0,0,20,22,2,1,21,19,2,2,17,23,2,1,22,20,0,1,19,18,1,0,18,89.72%,80.33%
54_LAPRIDA,EP N° 1023,299,56,0,0,56,36,2,1,35,47,1,3,44,53,1,4,49,50,7,0,50,57,2,2,55,89.90%,96.71%
55_TIGRE,EP N° 1125,297,42,0,0,42,56,2,1,55,52,5,0,52,48,4,2,46,54,2,2,52,45,6,1,44,87.00%,87.01%
55_TIGRE,EP N° 1285,406,66,0,0,66,69,6,4,65,61,5,1,60,65,5,2,63,79,4,2,77,66,3,1,65,92.36%,94.56%
55_TIGRE,EP N° 1326,297,38,0,0,38,45,2,3,42,58,4,2,56,51,3,1,50,53,3,1,52,52,3,0,52,85.53%,92.91%
55_TIGRE,EP N° 1423,370,61,0,0,61,78,3,3,75,54,3,1,53,53,2,2,51,64,3,0,64,60,2,5,55,93.35%,92.78%
55_TIGRE,EP N° 199,285,44,0,0,44,46,5,4,42,43,3,1,42,46,1,1,45,48,2,1,47,58,3,0,58,92.05%,94.94%
55_TIGRE,EP N° 203,130,17,0,0,17,24,3,2,22,22,4,2,20,22,1,1,21,26,2,1,25,19,0,1,18,86.23%,87.45%
55_TIGRE,EP N° 336,366,69,0,0,69,46,2,3,43,61,4,3,58,64,1,4,60,59,3,1,58,67,1,1,66,96.99%,87.13%
55_TIGRE,EP N° 456,265,44,0,0,44,38,2,3,35,46,7,1,45,54,1,1,53,39,5,2,37,44,2,1,43,95.10%,96.94%
55_TIGRE,EP N° 503,296,51,0,0,51,47,3,0,47,54,1,2,52,51,7,1,50,58,1,2,56,35,4,0,35,93.62%,87.30%
55_TIGRE,EP N° 609,180,30,0,0,30,29,1,1,28,28,4,1,27,31,2,2,29,31,2,2,29,31,2,0,31,92.39%,82.28%
55_TIGRE,EP N° 798,212,46,0,0,46,35,5,1,34,29,1,1,28,29,1,0,29,39,5,0,39,34,1,2,32,87.82%,81.44%
55_TIGRE,EP N° 823,265,42,0,0,42,43,1,2,41,44,4,2,42,44,0,2,42,46,3,0,46,46,4,2,44,98.73%,82.80%
55_TIGRE,EP N° 956,188,29,0,0,29,29,0,5,24,34,0,2,32,35,2,2,33,30,4,0,30,31,2,2,29,91.44%,90.93%
55_TIGRE,EP N° 1003,229,43,0,0,43,38,5,0,38,36,2,1,35,40,1,1,39,42,3,0,42,30,3,1,29,90.13%,80.95%
56_LAS FLORES,EP N° 1123,159,25,0,0,25,31,1,0,31,25,2,1,24,25,2,0,25,23,0,2,21,30,4,0,30,90.19%,90.24%
56_LAS FLORES,EP N° 1256,218,35,0,0,35,37,3,1,36,34,1,2,32,36,2,0,36,41,3,0,41,35,1,0,35,97.89%,90.47%
56_LAS FLORES,EP N° 1356,578,102,0,0,102,105,6,1,104,87,3,3,84,91,8,4,87,97,4,0,97,96,4,2,94,92.02%,93.06%
56_LAS FLORES,EP N° 1423,197,34,0,0,34,31,2,1,30,33,3,1,32,36,2,1,35,30,2,1,29,33,2,0,33,97.70%,90.57%
56_LAS FLORES,EP N° 165,262,38,0,0,38,46,3,3,43,46,2,1,45,47,1,3,44,45,2,0,45,40,1,1,39,86.89%,85.33%
56_LAS FLORES,EP N° 223,95,12,0,0,12,19,1,1,18,16,0,1,15,16,0,0,16,18,0,0,18,14,0,1,13,93.87%,84.56%
56_LAS FLORES,EP N° 356,426,93,0,0,93,60,6,1,59,76,5,0,76,58,4,0,58,60,5,1,59,79,5,3,76,94.27%,86.40%
57_LAS HERAS,EP N° 156,330,52,0,0,52,63,4,3,60,46,2,2,44,50,6,1,49,61,1,1,60,58,4,3,55,97.00%,87.47%
57_LAS HERAS,EP N° 200,230,38,0,0,38,39,3,0,39,37,4,1,36,38,2,0,38,43,6,2,41,35,4,1,34,87.25%,90.14%
57_LAS HERAS,EP N° 359,245,46,0,0,46,42,2,5,37,38,6,1,37,42,2,1,41,38,0,1,37,39,4,1,38,98.99%,85.16%
57_LAS HERAS,EP N° 156,166,28,0,0,28,28,3,2,26,27,4,0,27,28,0,2,26,32,2,0,32,23,2,0,23,98.85%,80.99%
57_LAS HERAS,EP N° 209,196,32,0,0,32,25,1,0,25,36,5,2,34,35,4,1,34,31,1,0,31,37,2,0,37,98.46%,85.63%
58_L N ALEM,EP N° 359,243,41,0,0,41,45,2,2,43,38,3,1,37,39,3,0,39,40,0,2,38,40,1,3,37,97.03%,92.78%
58_L N ALEM,EP N° 446,269,57,0,0,57,32,5,3,29,47,1,0,47,41,3,1,40,48,5,0,48,44,2,2,42,87.23%,97.42%
58_L N ALEM,EP N° 553,99,14,0,0,14,17,0,2,15,19,3,1,18,15,2,1,14,20,0,2,18,14,0,0,14,93.09%,97.24%
58_L N ALEM,EP N° 678,309,46,0,0,46,52,4,1,51,50,2,0,50,58,5,1,57,47,2,1,46,56,6,4,52,87.90%,86.45%
58_L N ALEM,EP N° 701,261,39,0,0,39,51,6,1,50,45,3,3,42,41,1,0,41,36,0,1,35,49,5,1,48,90.82%,97.60%
58_L N ALEM,EP N° 823,188,30,0,0,30,30,1,0,30,35,2,1,34,32,4,0,32,34,2,0,34,27,1,1,26,94.77%,91.49%
58_L N ALEM,EP N° 956,187,31,0,0,31,28,4,1,27,32,1,2,30,25,2,2,23,32,2,0,32,39,1,0,39,97.35%,80.36%
59_LINCOLN,EP N° 1023,316,51,0,0,51,63,3,0,63,49,3,2,47,59,4,4,55,37,5,1,36,57,2,0,57,96.80%,86.52%
59_LINCOLN,EP N° 1125,234,47,0,0,47,39,0,1,38,32,2,1,31,41,4,0,41,40,1,1,39,35,2,1,34,87.20%,80.56%
59_LINCOLN,EP N° 1285,380,60,0,0,60,60,6,2,58,66,3,2,64,63,1,1,62,65,3,1,64,66,4,0,66,88.38%,83.75%
59_LINCOLN,EP N° 1326,350,56,0,0,56,54,3,3,51,56,2,0,56,70,4,3,67,55,7,3,52,59,1,5,54,90.37%,82.74%
60_LOBERIA,EP N° 1423,591,81,0,0,81,106,7,3,103,110,5,3,107,93,6,3,90,90,6,1,89,111,11,3,108,95.21%,80.37%
60_LOBERIA,EP N° 199,265,36,0,0,36,44,5,1,43,49,3,0,49,40,4,3,37,47,6,1,46,49,1,2,47,85.48%,88.96%
60_LOBERIA,EP N° 203,357,56,0,0,56,56,3,1,55,54,3,0,54,60,4,2,58,70,3,3,67,61,3,2,59,94.07%,80.33%
61_LOBOS,EP N° 336,412,81,0,0,81,64,1,4,60,66,5,0,66,78,7,0,78,54,2,3,51,69,3,0,69,85.39%,84.41%
61_LOBOS,EP N° 456,337,53,0,0,53,61,5,4,57,46,3,3,43,52,5,0,52,59,6,0,59,66,4,4,62,90.74%,88.68%
61_LOBOS,EP N° 503,253,40,0,0,40,43,2,1,42,41,3,0,41,50,5,2,48,41,3,0,41,38,5,2,36,95.55%,83.94%
62_L DE ZAMORA,EP N° 609,391,78,0,0,78,55,5,0,55,68,4,2,66,58,2,2,56,58,4,2,56,74,5,0,74,97.04%,88.25%
62_L DE ZAMORA,EP N° 798,156,25,0,0,25,31,1,1,30,27,0,1,26,28,1,0,28,23,2,1,22,22,1,1,21,92.84%,88.76%
62_L DE ZAMORA,EP N° 823,409,60,0,0,60,72,6,2,70,75,8,5,70,67,3,1,66,63,7,1,62,72,3,2,70,90.36%,94.30%
62_L DE ZAMORA,EP N° 956,110,19,0,0,19,20,0,1,19,15,1,1,14,19,2,2,17,18,2,0,18,19,0,0,19,85.64%,89.79%
62_L DE ZAMORA,EP N° 1003,344,55,0,0,55,43,3,3,40,52,5,3,49,71,2,2,69,63,2,3,60,60,6,4,56,88.71%,96.27%
62_L DE ZAMORA,EP N° 1123,322,43,0,0,43,54,2,0,54,68,5,0,68,53,3,1,52,48,2,4,44,56,3,3,53,89.22%,81.70%
62_L DE ZAMORA,EP N° 1256,279,49,0,0,49,53,3,0,53,47,1,1,46,40,2,0,40,43,1,1,42,47,1,4,43,87.22%,88.77%
62_L DE ZAMORA,EP N° 1356,407,61,0,0,61,71,3,4,67,63,1,4,59,68,6,0,68,80,9,2,78,64,1,6,58,85.55%,91.79%
62_L DE ZAMORA,EP N° 1423,101,18,0,0,18,16,0,0,16,20,0,0,20,16,0,1,15,17,0,1,16,14,2,0,14,89.93%,84.21%
62_L DE ZAMORA,EP N° 165,337,68,0,0,68,54,4,1,53,58,3,1,57,44,3,3,41,38,2,0,38,75,3,3,72,98.79%,97.02%
62_L DE ZAMORA,EP N° 223,255,41,0,0,41,38,3,1,37,45,2,1,44,40,2,1,39,45,1,1,44,46,1,0,46,92.38%,87.25%
62_L DE ZAMORA,EP N° 356,158,29,0,0,29,24,4,1,23,28,2,0,28,26,2,0,26,23,2,1,22,28,0,2,26,94.60%,84.50%
62_L DE ZAMORA,EP N° 156,225,43,0,0,43,40,3,1,39,36,3,3,33,39,1,1,38,35,1,2,33,32,2,1,31,89.27%,83.27%
62_L DE ZAMORA,EP N° 200,284,47,0,0,47,53,3,1,52,44,2,1,43,48,3,2,46,46,2,1,45,46,0,3,43,87.95%,84.10%
63_LUJAN,EP N° 359,193,31,0,0,31,32,2,0,32,35,1,1,34,30,2,0,30,30,2,1,29,35,1,1,34,97.20%,97.98%
63_LUJAN,EP N° 156,89,19,0,0,19,14,1,0,14,14,2,0,14,13,2,0,13,13,1,0,13,16,1,0,16,94.34%,80.23%
63_LUJAN,EP N° 209,395,65,0,0,65,75,4,1,74,65,3,2,63,43,2,4,39,77,2,2,75,70,3,2,68,97.06%,81.41%
63_LUJAN,EP N° 359,338,50,0,0,50,66,2,0,66,59,4,4,55,45,3,3,42,52,5,6,46,66,3,1,65,96.02%,81.01%
64_MAGDALENA,EP N° 446,294,54,0,0,54,39,2,2,37,61,4,2,59,43,3,0,43,54,5,2,52,43,4,1,42,90.67%,87.09%
64_MAGDALENA,EP N° 553,302,48,0,0,48,43,4,2,41,52,6,1,51,45,3,1,44,59,2,2,57,55,4,2,53,86.59%,92.97%
64_MAGDALENA,EP N° 678,295,53,0,0,53,48,5,0,48,51,1,2,49,35,0,0,35,57,6,2,55,51,4,1,50,85.02%,82.16%
64_MAGDALENA,EP N° 701,521,89,0,0,89,101,6,1,100,79,3,4,75,90,3,7,83,88,3,0,88,74,5,4,70,89.48%,92.06%
64_MAGDALENA,EP N° 823,321,59,0,0,59,48,2,0,48,49,5,1,48,52,2,1,51,63,8,2,61,50,5,2,48,87.20%,92.43%
65_MAIPU,EP N° 956,520,91,0,0,91,87,8,4,83,99,6,3,96,85,4,3,82,90,2,0,90,68,4,1,67,87.31%,92.40%
65_MAIPU,EP N° 1023,202,28,0,0,28,34,1,1,33,37,3,1,36,37,2,1,36,34,3,1,33,32,1,0,32,94.00%,92.47%
65_MAIPU,EP N° 1125,237,41,0,0,41,39,4,1,38,44,3,1,43,38,3,1,37,41,1,2,39,34,1,2,32,86.01%,95.86%
66_SALTO,EP N° 1285,398,71,0,0,71,54,6,2,52,80,4,1,79,60,9,3,57,56,1,0,56,77,5,3,74,92.52%,95.13%
66_SALTO,EP N° 1326,250,42,0,0,42,42,0,3,39,35,1,3,32,45,3,3,42,43,0,2,41,43,5,1,42,92.38%,82.54%
66_SALTO,EP N° 1423,167,28,0,0,28,25,3,0,25,26,2,0,26,28,2,0,28,35,1,2,33,25,1,1,24,87.22%,92.39%
66_SALTO,EP N° 199,231,35,0,0,35,45,2,3,42,36,4,0,36,37,2,2,35,42,3,1,41,36,0,2,34,92.05%,92.76%
67_MARCOS PAZ,EP N° 203,91,14,0,0,14,13,0,0,13,18,2,0,18,14,1,0,14,15,0,1,14,17,0,0,17,92.69%,83.95%
67_MARCOS PAZ,EP N° 336,481,74,0,0,74,75,1,1,74,74,9,1,73,90,4,0,90,87,3,0,87,81,3,2,79,88.55%,96.93%
67_MARCOS PAZ,EP N° 456,164,27,0,0,27,29,1,0,29,32,2,2,30,25,4,0,25,24,0,0,24,27,1,2,25,87.22%,88.20%
68_M CHIQUITA,EP N° 503,498,85,0,0,85,85,5,2,83,74,2,2,72,80,7,2,78,87,3,0,87,87,7,2,85,91.94%,87.58%
68_M CHIQUITA,EP N° 609,142,19,0,0,19,22,0,0,22,22,1,0,22,20,2,0,20,30,2,0,30,29,2,0,29,85.76%,88.23%
68_M CHIQUITA,EP N° 798,386,65,0,0,65,61,3,1,60,54,1,1,53,62,4,3,59,75,6,2,73,69,4,1,68,88.77%,94.46%
68_M CHIQUITA,EP N° 823,232,40,0,0,40,37,2,1,36,37,2,0,37,43,0,0,43,35,0,1,34,40,3,2,38,87.50%,81.43%
68_M CHIQUITA,EP N° 956,210,34,0,0,34,35,2,0,35,35,1,0,35,43,2,1,42,34,1,1,33,29,2,1,28,98.05%,85.02%
68_M CHIQUITA,EP N° 1003,230,36,0,0,36,39,4,1,38,43,1,0,43,41,4,1,40,38,2,0,38,33,1,0,33,90.88%,96.11%
69_MATANZA,EP N° 1123,125,21,0,0,21,21,2,1,20,21,0,0,21,18,1,1,17,22,2,0,22,22,2,0,22,88.84%,85.67%
69_MATANZA,EP N° 1256,329,51,0,0,51,50,2,1,49,60,1,4,56,61,4,1,60,48,4,0,48,59,5,1,58,93.91%,83.98%
69_MATANZA,EP N° 1356,443,73,0,0,73,86,5,5,81,63,4,3,60,64,2,1,63,78,7,1,77,79,4,3,76,88.44%,81.97%
69_MATANZA,EP N° 1423,279,47,0,0,47,48,2,3,45,48,7,1,47,47,0,2,45,42,3,0,42,47,5,0,47,86.78%,83.16%
69_MATANZA,EP N° 165,264,46,0,0,46,43,2,0,43,53,3,2,51,38,5,0,38,50,6,0,50,34,2,1,33,91.10%,87.47%
69_MATANZA,EP N° 223,266,45,0,0,45,46,4,1,45,47,2,1,46,49,2,0,49,39,3,1,38,40,5,2,38,85.73%,95.92%
69_MATANZA,EP N° 356,262,47,0,0,47,43,3,3,40,42,1,0,42,52,5,5,47,34,2,0,34,44,1,1,43,95.39%,93.87%
69_MATANZA,EP N° 156,382,54,0,0,54,70,8,3,67,57,4,1,56,65,2,2,63,78,2,3,75,58,2,0,58,86.78%,96.81%
69_MATANZA,EP N° 200,233,40,0,0,40,40,6,1,39,44,3,0,44,40,2,0,40,37,1,2,35,32,4,0,32,89.25%,96.58%
69_MATANZA,EP N° 359,400,64,0,0,64,67,4,3,64,70,5,2,68,79,4,3,76,69,3,1,68,51,1,2,49,91.11%,83.51%
69_MATANZA,EP N° 156,313,59,0,0,59,43,3,1,42,55,2,2,53,50,2,3,47,52,3,1,51,54,2,1,53,90.29%,85.70%
70_MERCEDES,EP N° 209,363,55,0,0,55,72,5,0,72,62,7,1,61,55,4,1,54,58,2,3,55,61,0,2,59,90.31%,89.12%
70_MERCEDES,EP N° 359,50,9,0,0,9,10,1,0,10,8,0,1,7,9,0,0,9,6,0,0,6,8,1,0,8,86.36%,89.86%
70_MERCEDES,EP N° 446,105,18,0,0,18,18,1,0,18,19,0,0,19,19,1,1,18,17,2,1,16,14,2,2,12,85.15%,91.21%
70_MERCEDES,EP N° 553,414,64,0,0,64,77,2,1,76,70,6,0,70,57,4,2,55,78,4,1,77,68,4,3,65,92.14%,87.60%
70_MERCEDES,EP N° 678,181,29,0,0,29,30,1,3,27,29,2,2,27,34,2,0,34,31,5,1,30,28,0,0,28,95.80%,95.15%
70_MERCEDES,EP N° 701,452,87,0,0,87,69,5,1,68,83,2,1,82,71,4,2,69,66,4,1,65,76,4,1,75,97.14%,93.44%
71_MERLO,EP N° 823,227,37,0,0,37,43,1,2,41,36,0,2,34,31,0,2,29,37,3,1,36,43,4,1,42,96.00%,88.32%
71_MERLO,EP N° 956,282,48,0,0,48,52,5,2,50,43,1,1,42,56,5,0,56,42,4,1,41,41,1,1,40,85.72%,82.85%
71_MERLO,EP N° 1023,148,24,0,0,24,25,1,0,25,29,1,2,27,25,2,0,25,24,1,1,23,21,1,0,21,87.39%,84.08%
71_MERLO,EP N° 1125,59,12,0,0,12,8,1,1,7,10,0,0,10,9,1,0,9,10,2,0,10,10,1,0,10,97.02%,97.22%
71_MERLO,EP N° 1285,381,70,0,0,70,64,4,2,62,53,0,1,52,63,4,1,62,67,3,2,65,64,2,0,64,95.86%,90.27%
71_MERLO,EP N° 1326,191,35,0,0,35,27,1,0,27,35,1,0,35,30,1,1,29,32,0,2,30,32,2,1,31,88.78%,83.72%
71_MERLO,EP N° 1423,285,39,0,0,39,54,2,2,52,50,1,2,48,46,3,0,46,42,5,0,42,54,4,1,53,98.40%,85.94%
71_MERLO,EP N° 199,342,57,0,0,57,68,3,0,68,41,1,0,41,52,5,2,50,60,1,2,58,64,0,1,63,97.99%,96.78%
71_MERLO,EP N° 203,289,53,0,0,53,52,1,1,51,44,4,0,44,44,2,3,41,48,1,1,47,48,2,1,47,88.93%,97.50%
71_MERLO,EP N° 336,297,50,0,0,50,53,2,2,51,58,4,2,56,47,6,3,44,49,3,3,46,40,1,1,39,92.52%,80.41%
71_MERLO,EP N° 456,114,21,0,0,21,17,1,1,16,21,1,0,21,18,0,1,17,20,1,1,19,17,2,1,16,90.57%,89.25%
71_MERLO,EP N° 503,222,41,0,0,41,32,4,0,32,35,2,1,34,43,0,1,42,32,3,2,30,39,2,1,38,97.87%,96.20%
71_MERLO,EP N° 609,279,41,0,0,41,49,2,1,48,45,4,0,45,46,3,0,46,48,2,2,46,50,5,1,49,91.49%,88.47%
71_MERLO,EP N° 798,348,55,0,0,55,64,6,0,64,52,3,3,49,53,3,1,52,62,4,2,60,62,6,1,61,91.32%,87.34%
72_MONTE,EP N° 823,202,28,0,0,28,36,3,2,34,36,6,0,36,32,1,3,29,37,0,1,36,33,1,2,31,88.97%,92.36%
72_MONTE,EP N° 956,143,25,0,0,25,23,1,1,22,22,2,0,22,28,3,0,28,28,1,0,28,17,1,0,17,95.06%,83.85%
72_MONTE,EP N° 1003,395,75,0,0,75,66,2,2,64,71,4,1,70,59,2,3,56,60,1,2,58,64,4,2,62,94.90%,83.19%
72_MONTE,EP N° 1123,340,55,0,0,55,49,1,1,48,59,2,2,57,51,0,3,48,60,2,2,58,66,3,0,66,88.12%,83.39%
72_MONTE,EP N° 1256,59,12,0,0,12,8,0,0,8,12,2,0,12,10,0,0,10,8,0,0,8,9,1,0,9,85.95%,93.02%
73_MORENO,EP N° 1356,208,36,0,0,36,29,3,2,27,40,2,2,38,32,1,2,30,37,1,1,36,34,2,0,34,89.98%,85.11%
73_MORENO,EP N° 1423,352,62,0,0,62,53,2,1,52,60,3,0,60,58,1,2,56,48,2,0,48,71,4,2,69,87.09%,81.87%
73_MORENO,EP N° 165,119,22,0,0,22,19,3,1,18,19,0,0,19,20,0,1,19,17,1,1,16,22,2,0,22,90.58%,83.06%
73_MORENO,EP N° 223,216,32,0,0,32,32,2,1,31,33,1,2,31,41,2,2,39,31,2,1,30,47,1,2,45,97.54%,81.04%
73_MORENO,EP N° 356,304,49,0,0,49,40,1,1,39,45,1,1,44,48,3,5,43,59,4,3,56,63,1,0,63,87.84%,87.24%
73_MORENO,EP N° 156,215,34,0,0,34,40,3,2,38,28,2,0,28,40,0,4,36,34,2,0,34,39,2,0,39,89.80%,87.39%
73_MORENO,EP N° 200,303,57,0,0,57,62,6,0,62,47,3,3,44,49,0,2,47,45,5,2,43,43,5,1,42,85.41%,92.42%
73_MORENO,EP N° 359,270,38,0,0,38,43,1,0,43,54,3,3,51,50,5,2,48,52,4,1,51,33,4,0,33,94.40%,80.08%
73_MORENO,EP N° 156,235,36,0,0,36,33,2,1,32,37,0,0,37,42,3,2,40,44,2,0,44,43,6,1,42,85.14%,82.52%
73_MORENO,EP N° 209,218,38,0,0,38,27,0,2,25,38,3,2,36,34,2,1,33,40,2,4,36,41,3,2,39,97.21%,83.88%
74_NAVARRO,EP N° 359,271,40,0,0,40,51,3,2,49,45,3,0,45,51,1,2,49,47,3,0,47,37,1,1,36,93.53%,91.58%
74_NAVARRO,EP N° 446,200,28,0,0,28,31,2,1,30,38,3,3,35,33,1,1,32,38,0,1,37,32,1,0,32,94.03%,95.33%
74_NAVARRO,EP N° 553,403,69,0,0,69,68,4,0,68,53,3,2,51,79,5,0,79,71,2,2,69,63,3,2,61,89.60%,92.97%
74_NAVARRO,EP N° 678,264,34,0,0,34,46,4,2,44,44,0,2,42,51,2,4,47,42,1,0,42,47,2,1,46,89.14%,89.27%
74_NAVARRO,EP N° 701,304,51,0,0,51,44,3,1,43,56,2,2,54,62,3,1,61,46,1,0,46,45,1,2,43,85.54%,91.86%
75_NECOCHEA,EP N° 823,247,46,0,0,46,40,2,1,39,30,2,0,30,44,8,1,43,49,2,3,46,38,2,2,36,86.50%,95.23%
75_NECOCHEA,EP N° 956,167,31,0,0,31,27,4,0,27,26,1,0,26,33,4,1,32,22,2,1,21,28,2,3,25,97.03%,84.11%
75_NECOCHEA,EP N° 1023,250,38,0,0,38,38,4,2,36,39,2,1,38,48,2,1,47,43,2,1,42,44,2,2,42,95.98%,93.74%
75_NECOCHEA,EP N° 1125,166,30,0,0,30,26,1,1,25,21,1,0,21,28,1,1,27,27,1,0,27,34,2,2,32,89.05%,81.55%
75_NECOCHEA,EP N° 1285,259,42,0,0,42,46,3,2,44,49,1,1,48,38,1,2,36,46,5,1,45,38,2,1,37,89.56%,88.56%
76_N DE JULIO,EP N° 1326,288,49,0,0,49,48,3,3,45,54,3,4,50,59,4,4,55,40,1,2,38,38,3,1,37,94.25%,85.81%
76_N DE JULIO,EP N° 1423,299,62,0,0,62,46,2,0,46,49,4,1,48,52,2,1,51,55,3,1,54,35,1,1,34,87.37%,82.27%
76_N DE JULIO,EP N° 199,292,52,0,0,52,42,5,1,41,58,5,1,57,47,2,1,46,50,2,3,47,43,1,2,41,92.88%,80.10%
76_N DE JULIO,EP N° 203,200,25,0,0,25,27,0,1,26,37,3,0,37,36,5,2,34,35,5,1,34,40,3,1,39,98.06%,81.37%
77_OLAVARRIA,EP N° 336,516,85,0,0,85,88,8,5,83,98,3,2,96,93,8,1,92,85,2,3,82,67,7,4,63,90.64%,96.03%
77_OLAVARRIA,EP N° 456,316,58,0,0,58,45,2,0,45,49,4,1,48,54,0,0,54,61,3,2,59,49,4,2,47,91.90%,96.47%
77_OLAVARRIA,EP N° 503,14,2,0,0,2,2,0,0,2,2,0,0,2,2,0,0,2,3,0,0,3,3,0,0,3,96.35%,80.81%
77_OLAVARRIA,EP N° 609,14,2,0,0,2,2,0,0,2,3,0,0,3,2,0,0,2,3,0,0,3,2,0,1,1,95.10%,81.59%
77_OLAVARRIA,EP N° 798,366,59,0,0,59,62,3,1,61,57,3,2,55,70,8,4,66,64,6,3,61,54,5,1,53,95.47%,82.50%
78_PATAGONES,EP N° 823,61,12,0,0,12,9,0,0,9,9,1,0,9,9,0,0,9,10,1,0,10,12,0,1,11,93.63%,87.72%
78_PATAGONES,EP N° 956,177,32,0,0,32,33,3,2,31,28,1,1,27,25,2,3,22,28,1,1,27,31,3,1,30,85.82%,97.97%
78_PATAGONES,EP N° 1003,505,90,0,0,90,89,6,4,85,81,7,1,80,76,2,3,73,81,7,3,78,88,5,4,84,90.87%,83.49%
79_PEHUAJO,EP N° 1123,258,35,0,0,35,53,5,2,51,46,4,0,46,45,3,1,44,44,4,1,43,35,2,2,33,97.77%,84.79%
79_PEHUAJO,EP N° 1256,410,87,0,0,87,54,6,6,48,75,4,0,75,61,0,2,59,65,5,1,64,68,4,1,67,87.34%,87.33%
79_PEHUAJO,EP N° 1356,275,40,0,0,40,50,1,2,48,41,3,0,41,45,3,1,44,49,3,1,48,50,3,1,49,98.29%,93.99%
79_PEHUAJO,EP N° 1423,364,66,0,0,66,57,3,3,54,57,4,1,56,64,3,1,63,54,0,2,52,66,2,0,66,88.33%,86.84%
79_PEHUAJO,EP N° 165,186,32,0,0,32,28,1,1,27,28,0,0,28,31,1,2,29,35,3,0,35,32,3,3,29,97.96%,96.37%
79_PEHUAJO,EP N° 223,449,58,0,0,58,81,5,3,78,77,8,4,73,82,10,4,78,74,2,1,73,77,5,4,73,97.59%,91.23%
79_PEHUAJO,EP N° 356,221,36,0,0,36,37,2,0,37,40,3,1,39,26,4,0,26,39,2,2,37,43,2,1,42,86.24%,90.96%
80_PELLEGRINI,EP N° 156,261,42,0,0,42,44,3,1,43,48,3,0,48,44,2,2,42,33,1,1,32,50,6,2,48,86.05%,88.29%
80_PELLEGRINI,EP N° 200,353,62,0,0,62,54,4,2,52,49,0,2,47,61,3,2,59,57,3,0,57,70,2,5,65,95.27%,91.47%
80_PELLEGRINI,EP N° 359,273,50,0,0,50,47,1,1,46,48,4,0,48,54,4,2,52,36,2,2,34,38,2,2,36,90.63%,81.84%
80_PELLEGRINI,EP N° 156,83,12,0,0,12,16,0,0,16,16,0,0,16,14,0,1,13,12,1,0,12,13,0,0,13,91.97%,86.18%
81_PERGAMINO,EP N° 209,444,69,0,0,69,62,0,3,59,85,7,2,83,81,3,3,78,65,6,0,65,82,10,4,78,94.63%,96.90%
81_PERGAMINO,EP N° 359,176,31,0,0,31,26,1,1,25,28,1,0,28,32,0,1,31,29,0,1,28,30,1,0,30,98.11%,80.33%
81_PERGAMINO,EP N° 446,173,29,0,0,29,30,2,1,29,27,1,1,26,29,3,1,28,26,1,0,26,32,1,0,32,92.27%,90.13%
81_PERGAMINO,EP N° 553,424,72,0,0,72,54,2,0,54,71,3,3,68,75,4,3,72,73,4,1,72,79,8,0,79,92.10%,85.92%
81_PERGAMINO,EP N° 678,51,8,0,0,8,9,0,1,8,6,0,0,6,11,0,1,10,8,0,1,7,9,0,0,9,88.23%,93.38%
81_PERGAMINO,EP N° 701,428,74,0,0,74,67,5,3,64,78,4,1,77,72,3,2,70,72,3,4,68,65,4,2,63,88.01%,84.89%
81_PERGAMINO,EP N° 823,188,32,0,0,32,28,3,1,27,34,1,3,31,34,3,0,34,30,0,1,29,30,2,2,28,95.45%,90.88%
82_PILA,EP N° 956,385,54,0,0,54,69,3,3,66,72,6,1,71,59,3,3,56,63,2,1,62,68,7,1,67,98.59%,97.05%
82_PILA,EP N° 1023,113,18,0,0,18,19,1,1,18,17,0,0,17,21,2,0,21,19,1,1,18,19,1,0,19,94.74%,96.88%
82_PILA,EP N° 1125,476,78,0,0,78,72,3,2,70,76,1,1,75,100,10,3,97,80,4,5,75,70,2,3,67,92.84%,94.21%
82_PILA,EP N° 1285,336,61,0,0,61,66,9,2,64,62,7,2,60,52,3,1,51,47,3,2,45,48,4,0,48,91.92%,94.25%
83_PILAR,EP N° 1326,595,76,0,0,76,105,6,5,100,110,4,9,101,93,7,4,89,102,9,8,94,109,4,3,106,96.87%,86.62%
83_PILAR,EP N° 1423,150,25,0,0,25,32,2,3,29,25,3,1,24,23,0,1,22,22,2,1,21,23,3,1,22,94.70%,80.09%
83_PILAR,EP N° 199,106,18,0,0,18,19,0,0,19,14,1,0,14,18,2,0,18,17,1,0,17,20,0,1,19,97.48%,94.47%
83_PILAR,EP N° 203,248,39,0,0,39,37,3,0,37,45,4,0,45,46,4,2,44,41,1,1,40,40,5,1,39,96.83%,80.00%
83_PILAR,EP N° 336,329,56,0,0,56,59,3,4,55,52,1,1,51,57,2,3,54,54,4,2,52,51,3,7,44,96.69%,96.08%
83_PILAR,EP N° 456,270,43,0,0,43,45,2,2,43,49,6,0,49,50,0,2,48,41,2,0,41,42,2,1,41,92.17%,92.11%
83_PILAR,EP N° 503,100,15,0,0,15,16,1,1,15,14,1,0,14,20,1,1,19,20,1,1,19,15,1,0,15,85.93%,97.57%
83_PILAR,EP N° 609,310,43,0,0,43,50,3,3,47,52,2,2,50,54,2,3,51,53,2,1,52,58,1,3,55,91.31%,85.85%
83_PILAR,EP N° 798,423,70,0,0,70,60,3,1,59,67,2,2,65,81,1,3,78,71,6,3,68,74,8,1,73,92.04%,80.25%
83_PILAR,EP N° 823,333,55,0,0,55,53,2,0,53,52,6,3,49,60,4,2,58,48,5,1,47,65,4,0,65,97.91%,82.53%
84_PUAN,EP N° 956,328,42,0,0,42,55,2,0,55,60,5,5,55,50,5,1,49,60,4,2,58,61,4,1,60,88.61%,80.68%
84_PUAN,EP N° 1003,240,33,0,0,33,42,1,2,40,45,3,3,42,43,5,2,41,33,5,0,33,44,1,1,43,85.80%,97.61%
84_PUAN,EP N° 1123,468,91,0,0,91,72,1,2,70,91,7,2,89,66,2,1,65,79,4,4,75,69,4,3,66,88.38%,83.03%
84_PUAN,EP N° 1256,420,68,0,0,68,70,9,1,69,59,2,2,57,73,3,1,72,67,2,1,66,83,2,3,80,86.32%,93.58%
84_PUAN,EP N° 1356,339,55,0,0,55,59,4,2,57,51,8,1,50,47,0,0,47,65,2,2,63,62,1,2,60,97.94%,87.16%
84_PUAN,EP N° 1423,556,100,0,0,100,92,7,3,89,83,8,1,82,97,4,1,96,83,3,1,82,101,9,5,96,92.75%,91.09%
85_QUILMES,EP N° 165,14,2,0,0,2,2,0,0,2,2,0,0,2,2,0,0,2,3,0,0,3,3,0,0,3,90.43%,86.77%
85_QUILMES,EP N° 223,388,60,0,0,60,77,7,4,73,59,4,1,58,59,0,3,56,67,2,1,66,66,4,1,65,89.28%,85.79%
85_QUILMES,EP N° 356,209,34,0,0,34,34,0,1,33,39,6,1,38,37,4,2,35,32,2,0,32,33,2,1,32,98.51%,84.69%
85_QUILMES,EP N° 156,279,47,0,0,47,44,3,2,42,43,2,1,42,42,4,1,41,49,4,1,48,54,5,1,53,92.65%,83.85%
85_QUILMES,EP N° 200,32,5,0,0,5,6,2,0,6,5,0,0,5,5,1,0,5,5,0,0,5,6,0,1,5,96.52%,80.76%
85_QUILMES,EP N° 359,373,49,0,0,49,63,3,2,61,59,8,0,59,52,6,1,51,78,4,2,76,72,4,2,70,97.96%,94.92%
85_QUILMES,EP N° 156,166,27,0,0,27,24,1,0,24,29,1,1,28,29,3,0,29,27,0,2,25,30,4,0,30,97.72%,85.57%
85_QUILMES,EP N° 209,159,27,0,0,27,32,2,0,32,24,1,0,24,28,4,0,28,24,1,0,24,24,1,2,22,94.97%,90.44%
85_QUILMES,EP N° 359,298,47,0,0,47,53,2,1,52,47,2,3,44,52,1,2,50,44,5,1,43,55,3,1,54,93.10%,92.41%
85_QUILMES,EP N° 446,263,40,0,0,40,44,4,1,43,46,5,3,43,40,5,2,38,42,3,1,41,51,2,3,48,92.05%,88.37%
85_QUILMES,EP N° 553,262,45,0,0,45,45,4,2,43,37,3,2,35,48,5,0,48,42,1,4,38,45,3,1,44,85.72%,93.42%
85_QUILMES,EP N° 678,386,82,0,0,82,65,4,2,63,60,2,1,59,58,7,0,58,69,5,1,68,52,4,2,50,88.32%,85.20%
86_RAMALLO,EP N° 701,209,36,0,0,36,41,1,1,40,26,2,0,26,37,1,2,35,36,0,2,34,33,4,0,33,89.02%,89.01%
86_RAMALLO,EP N° 823,515,67,0,0,67,82,6,3,79,98,5,4,94,78,4,7,71,87,4,2,85,103,2,3,100,92.07%,89.45%
86_RAMALLO,EP N° 956,192,32,0,0,32,28,3,1,27,32,2,2,30,35,3,1,34,38,1,0,38,27,1,1,26,95.77%,84.41%
86_RAMALLO,EP N° 1023,244,34,0,0,34,47,2,0,47,39,3,0,39,40,2,1,39,37,3,1,36,47,2,1,46,94.98%,84.92%
86_RAMALLO,EP N° 1125,290,42,0,0,42,45,3,1,44,37,3,1,36,54,3,2,52,55,5,1,54,57,4,0,57,97.49%,80.55%
87_RAUCH,EP N° 1285,220,39,0,0,39,39,5,0,39,29,1,0,29,44,3,1,43,37,3,2,35,32,4,1,31,98.34%,95.58%
87_RAUCH,EP N° 1326,158,27,0,0,27,22,1,1,21,24,2,1,23,28,0,1,27,28,3,1,27,29,2,2,27,89.16%,86.38%
87_RAUCH,EP N° 1423,366,61,0,0,61,58,3,5,53,78,5,2,76,50,1,3,47,57,5,2,55,62,3,1,61,97.04%,92.60%
87_RAUCH,EP N° 199,530,99,0,0,99,88,3,1,87,79,5,5,74,74,5,4,70,84,6,4,80,106,4,2,104,90.45%,89.20%
87_RAUCH,EP N° 203,292,48,0,0,48,48,2,1,47,54,7,2,52,51,5,1,50,50,3,2,48,41,1,1,40,90.10%,97.27%
87_RAUCH,EP N° 336,488,73,0,0,73,69,4,4,65,85,5,5,80,79,4,5,74,87,5,3,84,95,5,0,95,97.35%,88.00%
87_RAUCH,EP N° 456,64,9,0,0,9,11,0,0,11,10,2,0,10,11,0,0,11,11,0,0,11,12,1,2,10,88.46%,93.17%
88_RIVADAVIA,EP N° 503,56,9,0,0,9,9,1,0,9,9,1,0,9,10,2,0,10,10,1,0,10,9,0,2,7,86.35%,90.61%
88_RIVADAVIA,EP N° 609,111,20,0,0,20,24,2,0,24,14,2,1,13,20,4,0,20,16,0,0,16,17,1,0,17,92.13%,95.98%
88_RIVADAVIA,EP N° 798,165,33,0,0,33,25,0,1,24,20,1,1,19,30,1,0,30,32,3,1,31,25,0,1,24,88.21%,89.48%
88_RIVADAVIA,EP N° 823,200,43,0,0,43,28,3,2,26,32,2,1,31,33,2,1,32,35,1,2,33,29,1,1,28,85.67%,87.34%
89_ROJAS,EP N° 956,169,28,0,0,28,27,2,0,27,29,2,1,28,31,1,0,31,25,1,0,25,29,3,0,29,98.43%,89.04%
89_ROJAS,EP N° 1003,169,29,0,0,29,30,2,0,30,25,2,0,25,33,3,0,33,27,1,0,27,25,2,0,25,89.92%,95.07%
89_ROJAS,EP N° 1123,172,23,0,0,23,29,2,1,28,32,0,2,30,30,3,1,29,33,1,1,32,25,4,0,25,94.76%,89.11%
89_ROJAS,EP N° 1256,272,45,0,0,45,51,2,0,51,37,2,3,34,40,3,3,37,43,4,1,42,56,5,1,55,86.80%,95.40%
89_ROJAS,EP N° 1356,363,65,0,0,65,45,3,2,43,64,3,2,62,58,5,2,56,67,7,1,66,64,1,5,59,85.54%,93.56%
90_R PEREZ,EP N° 1423,140,18,0,0,18,27,0,1,26,20,3,0,20,27,1,1,26,23,1,1,22,25,1,1,24,85.78%,85.12%
90_R PEREZ,EP N° 165,222,41,0,0,41,32,0,0,32,38,1,0,38,48,4,2,46,38,3,1,37,25,3,0,25,85.08%,91.72%
90_R PEREZ,EP N° 223,173,30,0,0,30,29,3,0,29,29,2,0,29,26,2,1,25,27,3,0,27,32,2,2,30,97.09%,86.69%
91_SAAVEDRA,EP N° 356,350,53,0,0,53,48,5,0,48,55,0,0,55,68,3,1,67,65,3,2,63,61,2,0,61,97.25%,95.46%
91_SAAVEDRA,EP N° 156,187,39,0,0,39,29,2,2,27,33,2,0,33,25,3,0,25,33,2,0,33,28,1,2,26,88.45%,92.03%
91_SAAVEDRA,EP N° 200,237,45,0,0,45,38,2,1,37,38,3,1,37,36,1,0,36,41,0,0,41,39,3,1,38,96.89%,88.64%
91_SAAVEDRA,EP N° 359,368,58,0,0,58,67,7,3,64,64,4,0,64,49,3,1,48,67,5,1,66,63,4,2,61,98.44%,84.57%
92_SALADILLO,EP N° 156,354,57,0,0,57,59,4,0,59,55,6,1,54,71,2,2,69,46,4,0,46,66,6,4,62,93.52%,84.58%
92_SALADILLO,EP N° 209,220,41,0,0,41,36,4,2,34,39,0,1,38,30,1,0,30,38,6,1,37,36,2,3,33,87.34%,92.92%
92_SALADILLO,EP N° 359,255,39,0,0,39,40,0,0,40,40,0,1,39,53,2,3,50,43,2,0,43,40,2,0,40,86.84%,94.74%
93_S A DE GILES,EP N° 446,45,9,0,0,9,6,1,0,6,8,0,0,8,8,2,1,7,7,0,0,7,7,1,1,6,95.24%,97.81%
93_S A DE GILES,EP N° 553,351,55,0,0,55,53,4,0,53,66,5,2,64,64,4,1,63,48,0,1,47,65,7,2,63,95.55%,87.91%
93_S A DE GILES,EP N° 678,294,44,0,0,44,52,2,2,50,46,2,3,43,55,5,1,54,55,3,0,55,42,2,3,39,94.63%,97.75%
93_S A DE GILES,EP N° 701,315,53,0,0,53,44,4,2,42,55,0,2,53,50,5,1,49,46,5,0,46,67,3,1,66,96.69%,93.71%
93_S A DE GILES,EP N° 823,396,72,0,0,72,52,1,1,51,61,6,2,59,68,7,3,65,69,4,5,64,74,5,0,74,95.13%,96.30%
94_S A DE ARECO,EP N° 956,321,61,0,0,61,54,2,2,52,48,3,0,48,56,1,1,55,45,4,1,44,57,2,1,56,93.49%,93.60%
94_S A DE ARECO,EP N° 1023,271,41,0,0,41,48,0,1,47,47,3,0,47,40,4,0,40,55,3,1,54,40,0,1,39,95.71%,96.47%
94_S A DE ARECO,EP N° 1125,70,10,0,0,10,13,0,0,13,13,1,0,13,13,0,0,13,11,1,1,10,10,0,1,9,87.39%,87.67%
94_S A DE ARECO,EP N° 1285,234,41,0,0,41,35,2,1,34,43,3,2,41,37,4,3,34,40,0,1,39,38,4,0,38,88.82%,85.45%
94_S A DE ARECO,EP N° 1326,142,28,0,0,28,24,2,0,24,23,3,0,23,20,0,0,20,23,1,1,22,24,1,0,24,98.52%,80.15%
94_S A DE ARECO,EP N° 1423,352,57,0,0,57,60,7,1,59,71,5,1,70,55,3,2,53,51,4,1,50,58,3,1,57,92.68%,82.09%
95_SAN FERNANDO,EP N° 199,227,38,0,0,38,38,2,3,35,33,4,2,31,33,1,3,30,48,3,2,46,37,2,0,37,96.72%,80.50%
95_SAN FERNANDO,EP N° 203,293,50,0,0,50,53,5,2,51,53,2,0,53,44,4,1,43,44,2,3,41,49,2,4,45,98.25%,82.61%
95_SAN FERNANDO,EP N° 336,315,49,0,0,49,55,5,0,55,41,1,3,38,54,4,1,53,60,5,1,59,56,3,5,51,89.89%,96.59%
95_SAN FERNANDO,EP N° 456,176,26,0,0,26,31,4,1,30,26,1,0,26,32,2,2,30,32,1,1,31,29,0,2,27,98.86%,87.32%
95_SAN FERNANDO,EP N° 503,417,82,0,0,82,63,5,2,61,75,3,2,73,67,6,2,65,59,5,2,57,71,4,2,69,86.67%,87.50%
95_SAN FERNANDO,EP N° 609,116,15,0,0,15,18,3,0,18,20,2,0,20,23,3,1,22,18,0,1,17,22,0,0,22,87.70%,91.29%
95_SAN FERNANDO,EP N° 798,269,47,0,0,47,45,3,3,42,52,5,2,50,47,2,1,46,35,2,2,33,43,0,2,41,87.44%,91.19%
95_SAN FERNANDO,EP N° 823,350,62,0,0,62,60,8,0,60,49,5,3,46,57,2,0,57,51,4,0,51,71,2,3,68,87.97%,95.44%
95_SAN FERNANDO,EP N° 956,186,29,0,0,29,33,1,2,31,30,2,0,30,34,1,1,33,33,1,1,32,27,4,0,27,90.82%,94.17%
95_SAN FERNANDO,EP N° 1003,483,97,0,0,97,96,2,2,94,84,6,2,82,74,5,4,70,66,1,2,64,66,6,1,65,95.36%,91.30%
95_SAN FERNANDO,EP N° 1123,165,24,0,0,24,28,2,0,28,27,1,0,27,30,0,2,28,27,2,1,26,29,3,1,28,93.32%,92.75%
96_SAN ISIDRO,EP N° 1256,248,38,0,0,38,45,2,1,44,42,3,3,39,39,1,2,37,41,3,1,40,43,4,2,41,86.71%,95.27%
96_SAN ISIDRO,EP N° 1356,87,14,0,0,14,14,2,0,14,16,0,0,16,15,0,0,15,14,0,0,14,14,1,1,13,94.52%,94.60%
96_SAN ISIDRO,EP N° 1423,340,52,0,0,52,51,5,2,49,63,3,0,63,61,5,2,59,60,3,1,59,53,5,3,50,92.21%,82.35%
96_SAN ISIDRO,EP N° 165,329,49,0,0,49,65,7,3,62,55,3,3,52,50,0,1,49,54,6,1,53,56,6,0,56,92.72%,84.93%
96_SAN ISIDRO,EP N° 223,258,43,0,0,43,52,2,1,51,47,2,1,46,45,3,2,43,30,5,2,28,41,2,2,39,88.77%,81.80%
96_SAN ISIDRO,EP N° 356,119,18,0,0,18,25,0,0,25,17,2,1,16,18,2,4,14,20,1,1,19,21,1,1,20,94.63%,80.38%
96_SAN ISIDRO,EP N° 156,387,62,0,0,62,66,2,4,62,77,5,1,76,57,2,1,56,55,6,1,54,70,1,3,67,89.60%,91.76%
96_SAN ISIDRO,EP N° 200,308,44,0,0,44,50,3,3,47,47,5,0,47,55,1,1,54,48,1,2,46,64,6,0,64,94.65%,87.36%
96_SAN ISIDRO,EP N° 359,64,11,0,0,11,10,0,0,10,10,0,1,9,10,0,0,10,9,0,0,9,14,0,0,14,94.94%,83.76%
97_SAN NICOLAS,EP N° 156,224,31,0,0,31,49,3,2,47,38,3,0,38,37,1,4,33,31,3,0,31,38,2,2,36,95.31%,83.88%
97_SAN NICOLAS,EP N° 209,230,39,0,0,39,27,3,2,25,39,3,0,39,43,3,0,43,48,2,0,48,34,0,0,34,85.12%,81.99%
97_SAN NICOLAS,EP N° 359,185,27,0,0,27,30,3,1,29,26,1,1,25,33,2,2,31,33,4,1,32,36,3,0,36,98.89%,83.29%
97_SAN NICOLAS,EP N° 446,149,29,0,0,29,25,1,1,24,25,0,0,25,22,1,3,19,24,1,1,23,24,1,0,24,95.59%,85.57%
98_SAN PEDRO,EP N° 553,323,53,0,0,53,58,5,1,57,48,2,3,45,58,5,4,54,48,3,0,48,58,1,1,57,85.17%,90.69%
98_SAN PEDRO,EP N° 678,318,56,0,0,56,58,8,0,58,57,6,3,54,51,3,0,51,39,3,2,37,57,6,0,57,96.33%,96.89%
98_SAN PEDRO,EP N° 701,242,39,0,0,39,44,7,1,43,44,2,2,42,36,3,2,34,44,2,0,44,35,1,0,35,92.85%,87.16%
98_SAN PEDRO,EP N° 823,299,49,0,0,49,52,1,1,51,44,1,3,41,45,3,0,45,47,4,2,45,62,5,2,60,91.02%,80.20%
98_SAN PEDRO,EP N° 956,302,53,0,0,53,52,5,1,51,46,1,4,42,53,0,0,53,46,2,0,46,52,1,0,52,90.43%,83.34%
98_SAN PEDRO,EP N° 1023,522,78,0,0,78,95,3,3,92,87,9,4,83,78,4,1,77,99,12,1,98,85,2,3,82,96.65%,95.23%
98_SAN PEDRO,EP N° 1125,308,51,0,0,51,56,7,3,53,51,2,0,51,38,4,0,38,63,2,3,60,49,2,2,47,87.21%,95.49%
99_SAN VICENTE,EP N° 1285,196,36,0,0,36,32,2,0,32,29,1,1,28,33,1,0,33,31,4,0,31,35,3,0,35,88.39%,93.93%
99_SAN VICENTE,EP N° 1326,374,61,0,0,61,68,4,5,63,59,7,1,58,64,1,3,61,51,1,0,51,71,6,5,66,91.15%,81.09%
99_SAN VICENTE,EP N° 1423,45,8,0,0,8,9,0,0,9,5,1,0,5,8,1,0,8,8,0,0,8,7,0,0,7,96.82%,88.16%
99_SAN VICENTE,EP N° 199,224,37,0,0,37,36,3,0,36,35,1,0,35,41,3,1,40,39,4,1,38,36,5,2,34,93.10%,91.64%
99_SAN VICENTE,EP N° 203,152,24,0,0,24,27,1,3,24,23,1,0,23,27,0,3,24,27,1,1,26,24,0,1,23,93.13%,91.26%
100_MORON,EP N° 336,246,39,0,0,39,46,3,1,45,50,2,1,49,35,1,2,33,43,3,2,41,33,5,2,31,89.22%,95.26%
100_MORON,EP N° 456,206,30,0,0,30,38,2,0,38,35,1,2,33,31,6,0,31,39,3,2,37,33,1,1,32,93.33%,97.53%
100_MORON,EP N° 503,344,55,0,0,55,54,4,1,53,70,3,0,70,54,4,2,52,51,1,3,48,60,4,1,59,91.63%,91.67%
100_MORON,EP N° 609,269,45,0,0,45,44,2,1,43,50,3,1,49,43,0,0,43,41,2,1,40,46,3,0,46,89.81%,91.05%
100_MORON,EP N° 798,336,57,0,0,57,40,2,2,38,59,1,5,54,62,1,2,60,61,3,0,61,57,3,1,56,86.02%,92.85%
100_MORON,EP N° 823,238,43,0,0,43,46,3,1,45,32,4,1,31,41,2,1,40,36,1,1,35,40,2,2,38,86.83%,93.73%
100_MORON,EP N° 956,291,54,0,0,54,41,3,1,40,45,7,4,41,43,2,2,41,60,1,1,59,48,4,1,47,89.70%,81.48%
100_MORON,EP N° 1003,99,13,0,0,13,17,1,2,15,16,1,2,14,16,2,1,15,19,2,0,19,18,2,1,17,89.40%,90.10%
100_MORON,EP N° 1123,430,73,0,0,73,71,6,0,71,74,6,2,72,71,5,1,70,68,7,0,68,73,3,2,71,95.37%,90.83%
100_MORON,EP N° 1256,287,46,0,0,46,63,4,6,57,50,2,2,48,44,4,1,43,41,6,1,40,43,1,3,40,91.87%,90.79%
101_SUIPACHA,EP N° 1356,240,37,0,0,37,41,2,1,40,44,5,1,43,43,1,2,41,41,3,2,39,34,3,0,34,90.88%,83.39%
101_SUIPACHA,EP N° 1423,143,25,0,0,25,23,0,1,22,25,2,0,25,22,3,0,22,24,3,2,22,24,1,0,24,87.64%,89.01%
101_SUIPACHA,EP N° 165,209,37,0,0,37,30,1,1,29,40,2,2,38,37,0,0,37,33,2,2,31,32,2,0,32,96.36%,93.93%
101_SUIPACHA,EP N° 223,125,21,0,0,21,18,2,0,18,20,1,0,20,22,2,0,22,24,0,0,24,20,1,0,20,97.76%,93.52%
101_SUIPACHA,EP N° 356,282,46,0,0,46,53,2,2,51,48,3,1,47,39,3,1,38,46,6,1,45,50,4,3,47,96.58%,86.48%
101_SUIPACHA,EP N° 156,303,42,0,0,42,50,3,1,49,50,2,1,49,58,10,0,58,53,2,4,49,50,1,0,50,86.57%,90.32%
102_TANDIL,EP N° 200,213,39,0,0,39,33,1,1,32,35,3,2,33,43,2,2,41,29,5,0,29,34,1,3,31,91.77%,85.97%
102_TANDIL,EP N° 359,377,60,0,0,60,59,5,2,57,63,2,0,63,66,4,7,59,56,5,3,53,73,1,3,70,89.21%,82.69%
102_TANDIL,EP N° 156,225,34,0,0,34,33,1,2,31,38,6,2,36,36,1,0,36,37,2,1,36,47,2,1,46,94.54%,86.29%
102_TANDIL,EP N° 209,394,64,0,0,64,58,2,0,58,71,3,0,71,71,5,1,70,63,2,3,60,67,6,1,66,89.70%,82.42%
102_TANDIL,EP N° 359,362,71,0,0,71,61,5,0,61,60,2,2,58,57,4,4,53,56,2,3,53,57,5,1,56,91.55%,97.75%
102_TANDIL,EP N° 446,124,25,0,0,25,17,0,1,16,18,0,1,17,25,0,0,25,17,0,1,16,22,0,0,22,87.09%,90.44%
102_TANDIL,EP N° 553,410,78,0,0,78,67,1,2,65,69,7,1,68,67,4,3,64,68,5,4,64,61,3,2,59,93.58%,89.56%
102_TANDIL,EP N° 678,280,50,0,0,50,52,5,2,50,41,3,3,38,49,2,2,47,43,3,0,43,45,6,2,43,86.54%,82.19%
102_TANDIL,EP N° 701,66,12,0,0,12,11,0,0,11,10,1,1,9,11,0,0,11,11,0,1,10,11,2,0,11,90.43%,87.66%
102_TANDIL,EP N° 823,286,44,0,0,44,58,4,2,56,46,2,1,45,37,4,1,36,52,5,3,49,49,2,0,49,88.65%,85.02%
102_TANDIL,EP N° 956,290,55,0,0,55,53,4,3,50,44,5,0,44,44,2,3,41,46,3,2,44,48,1,1,47,95.06%,83.88%
102_TANDIL,EP N° 1023,275,49,0,0,49,48,2,2,46,54,4,5,49,40,2,1,39,42,3,3,39,42,2,0,42,88.99%,88.19%
103_TAPALQUE,EP N° 1125,145,23,0,0,23,30,1,1,29,26,2,1,25,19,2,1,18,23,1,0,23,24,1,1,23,89.12%,93.74%
103_TAPALQUE,EP N° 1285,281,43,0,0,43,52,4,2,50,40,2,3,37,45,3,0,45,43,3,2,41,58,3,3,55,95.11%,91.07%
103_TAPALQUE,EP N° 1326,288,48,0,0,48,39,3,2,37,49,1,3,46,53,3,1,52,46,1,0,46,53,1,0,53,86.01%,93.39%
103_TAPALQUE,EP N° 1423,495,82,0,0,82,86,5,1,85,89,7,4,85,87,5,2,85,78,5,1,77,73,3,2,71,88.26%,90.60%
103_TAPALQUE,EP N° 199,307,49,0,0,49,53,3,0,53,58,6,1,57,49,1,1,48,45,0,0,45,53,2,3,50,87.99%,85.86%
103_TAPALQUE,EP N° 203,350,57,0,0,57,48,2,2,46,56,4,4,52,65,3,1,64,60,2,1,59,64,4,1,63,87.50%,96.64%
104_TORDILLO,EP N° 336,257,51,0,0,51,46,1,1,45,44,3,2,42,32,1,0,32,39,3,3,36,45,4,1,44,94.44%,87.83%
104_TORDILLO,EP N° 456,252,39,0,0,39,43,3,0,43,45,1,1,44,45,2,1,44,46,2,0,46,34,0,0,34,96.09%,97.31%
104_TORDILLO,EP N° 503,303,37,0,0,37,56,2,2,54,47,5,0,47,49,2,0,49,53,2,1,52,61,6,1,60,87.69%,84.87%
104_TORDILLO,EP N° 609,110,20,0,0,20,22,1,0,22,15,3,1,14,19,0,0,19,18,2,0,18,16,0,0,16,96.20%,91.24%
105_TORNQUIST,EP N° 798,89,15,0,0,15,16,1,0,16,15,1,1,14,14,1,1,13,15,1,1,14,14,3,0,14,93.73%,91.99%
105_TORNQUIST,EP N° 823,261,34,0,0,34,42,3,2,40,37,1,0,37,55,2,1,54,42,1,4,38,51,2,0,51,91.91%,95.73%
105_TORNQUIST,EP N° 956,250,41,0,0,41,40,3,2,38,43,4,3,40,41,7,0,41,39,4,1,38,46,0,1,45,97.19%,83.84%
105_TORNQUIST,EP N° 1003,82,16,0,0,16,14,1,0,14,16,1,1,15,10,0,1,9,11,1,1,10,15,1,0,15,87.38%,85.14%
105_TORNQUIST,EP N° 1123,367,55,0,0,55,58,3,1,57,56,6,0,56,74,5,1,73,63,3,2,61,61,1,1,60,90.97%,93.15%
106_T LAUQUEN,EP N° 1256,330,47,0,0,47,60,3,4,56,52,7,2,50,62,1,0,62,59,2,2,57,50,1,3,47,89.82%,96.35%
106_T LAUQUEN,EP N° 1356,227,36,0,0,36,37,0,0,37,40,2,3,37,40,2,0,40,38,5,0,38,36,0,1,35,98.73%,97.38%
106_T LAUQUEN,EP N° 1423,328,53,0,0,53,53,3,2,51,50,6,2,48,59,5,2,57,58,4,3,55,55,6,2,53,92.69%,80.06%
106_T LAUQUEN,EP N° 165,192,30,0,0,30,29,1,0,29,28,0,1,27,24,2,1,23,40,2,1,39,41,1,1,40,98.74%,89.33%
107_TRES ARROYOS,EP N° 223,154,25,0,0,25,28,6,1,27,26,1,0,26,24,2,0,24,23,0,3,20,28,1,1,27,93.54%,90.09%
107_TRES ARROYOS,EP N° 356,333,54,0,0,54,57,2,2,55,49,6,2,47,54,5,4,50,57,2,0,57,62,2,0,62,89.80%,97.44%
107_TRES ARROYOS,EP N° 156,252,37,0,0,37,50,2,1,49,39,1,0,39,31,1,2,29,46,2,3,43,49,6,0,49,88.12%,89.46%
107_TRES ARROYOS,EP N° 200,268,38,0,0,38,46,2,1,45,56,7,1,55,41,0,1,40,43,1,0,43,44,3,0,44,94.36%,83.28%
108_25 DE MAYO,EP N° 359,126,17,0,0,17,25,2,4,21,19,0,1,18,20,3,1,19,23,1,0,23,22,0,0,22,88.38%,81.12%
108_25 DE MAYO,EP N° 156,261,41,0,0,41,53,3,0,53,46,2,0,46,35,2,1,34,39,2,1,38,47,2,2,45,95.60%,87.55%
108_25 DE MAYO,EP N° 209,217,36,0,0,36,29,0,0,29,37,2,2,35,37,1,3,34,36,0,1,35,42,3,2,40,98.94%,89.15%
108_25 DE MAYO,EP N° 359,144,22,0,0,22,24,1,1,23,23,1,2,21,27,0,2,25,25,2,0,25,23,1,1,22,96.75%,86.49%
108_25 DE MAYO,EP N° 446,197,36,0,0,36,34,3,2,32,28,1,1,27,33,0,0,33,34,3,0,34,32,2,3,29,88.32%,92.49%
108_25 DE MAYO,EP N° 553,235,37,0,0,37,41,3,2,39,35,1,0,35,36,3,1,35,51,2,1,50,35,0,1,34,85.51%,83.36%
108_25 DE MAYO,EP N° 678,170,26,0,0,26,33,2,1,32,30,0,1,29,29,4,2,27,27,0,1,26,25,2,0,25,92.55%,92.44%
109_V LOPEZ,EP N° 701,373,65,0,0,65,57,4,4,53,72,7,2,70,59,4,0,59,61,4,0,61,59,7,2,57,89.90%,81.67%
109_V LOPEZ,EP N° 823,186,26,0,0,26,32,2,2,30,37,2,3,34,37,5,1,36,30,1,1,29,24,1,0,24,87.77%,88.63%
109_V LOPEZ,EP N° 956,292,54,0,0,54,42,3,1,41,56,4,0,56,37,1,3,34,48,1,1,47,55,3,2,53,96.99%,85.58%
109_V LOPEZ,EP N° 1023,243,37,0,0,37,39,4,0,39,52,3,1,51,39,2,0,39,46,5,1,45,30,3,1,29,85.28%,93.04%
109_V LOPEZ,EP N° 1125,219,41,0,0,41,34,1,1,33,31,1,1,30,39,4,1,38,36,4,0,36,38,2,1,37,97.59%,97.46%
109_V LOPEZ,EP N° 1285,262,48,0,0,48,45,1,0,45,39,2,1,38,50,3,0,50,36,0,0,36,44,1,3,41,85.77%,83.18%
109_V LOPEZ,EP N° 1326,141,32,0,0,32,22,1,0,22,17,1,1,16,25,0,0,25,22,0,0,22,23,0,2,21,97.31%,93.58%
109_V LOPEZ,EP N° 1423,371,65,0,0,65,68,6,3,65,70,3,1,69,57,1,4,53,63,3,5,58,48,2,2,46,96.98%,87.84%
109_V LOPEZ,EP N° 199,444,67,0,0,67,74,3,4,70,75,4,2,73,69,6,2,67,76,7,1,75,83,1,1,82,98.87%,85.05%
109_V LOPEZ,EP N° 203,237,46,0,0,46,36,3,1,35,45,1,1,44,40,1,1,39,36,2,0,36,34,0,1,33,91.01%,95.57%
109_V LOPEZ,EP N° 336,185,30,0,0,30,37,1,1,36,31,3,0,31,28,2,0,28,24,3,0,24,35,1,1,34,87.30%,81.01%
109_V LOPEZ,EP N° 456,174,32,0,0,32,28,1,1,27,30,3,1,29,27,0,1,26,30,1,0,30,27,1,0,27,86.81%,95.43%
109_V LOPEZ,EP N° 503,385,69,0,0,69,63,4,0,63,74,7,2,72,55,3,1,54,61,3,3,58,63,3,3,60,85.74%,96.00%
110_VILLARINO,EP N° 609,359,68,0,0,68,54,3,2,52,66,6,1,65,47,4,1,46,67,2,2,65,57,1,1,56,93.42%,90.01%
110_VILLARINO,EP N° 798,94,13,0,0,13,16,3,1,15,13,0,0,13,17,1,1,16,18,0,0,18,17,0,0,17,87.86%,93.80%
110_VILLARINO,EP N° 823,243,44,0,0,44,38,4,2,36,34,2,0,34,40,0,3,37,44,2,1,43,43,0,0,43,90.29%,92.31%
110_VILLARINO,EP N° 956,214,30,0,0,30,41,2,0,41,37,2,2,35,36,0,0,36,32,2,0,32,38,2,1,37,91.96%,80.73%
110_VILLARINO,EP N° 1003,396,65,0,0,65,66,2,2,64,74,6,2,72,70,5,3,67,42,3,1,41,79,5,3,76,95.07%,91.57%
111_LANUS,EP N° 1123,477,87,0,0,87,68,0,2,66,81,5,6,75,72,3,0,72,68,5,1,67,101,6,5,96,91.21%,85.13%
111_LANUS,EP N° 1256,390,62,0,0,62,60,7,2,58,70,4,1,69,61,7,3,58,64,5,1,63,73,5,6,67,89.07%,94.30%
111_LANUS,EP N° 1356,193,33,0,0,33,31,2,0,31,36,5,0,36,32,4,1,31,32,3,1,31,29,2,0,29,98.68%,94.34%
111_LANUS,EP N° 1423,255,38,0,0,38,42,4,0,42,41,3,2,39,40,2,0,40,52,2,1,51,42,5,3,39,98.87%,94.54%
111_LANUS,EP N° 165,189,32,0,0,32,29,4,2,27,30,2,0,30,33,2,1,32,34,0,0,34,31,0,0,31,88.48%,84.22%
111_LANUS,EP N° 223,343,61,0,0,61,49,2,3,46,57,0,1,56,49,1,4,45,58,1,2,56,69,5,1,68,92.95%,94.66%
111_LANUS,EP N° 356,343,63,0,0,63,69,6,3,66,45,8,0,45,49,2,0,49,52,4,0,52,65,3,1,64,93.80%,93.72%
111_LANUS,EP N° 156,398,67,0,0,67,70,7,3,67,66,6,0,66,71,4,1,70,61,5,0,61,63,3,1,62,93.25%,84.58%
111_LANUS,EP N° 200,238,34,0,0,34,39,1,0,39,45,6,1,44,36,2,0,36,46,0,1,45,38,3,4,34,90.54%,91.24%
111_LANUS,EP N° 359,233,48,0,0,48,38,1,1,37,36,2,0,36,37,3,1,36,34,1,1,33,40,6,0,40,89.00%,95.65%
111_LANUS,EP N° 156,15,3,0,0,3,2,0,0,2,2,0,0,2,2,0,0,2,3,0,0,3,3,0,0,3,92.22%,86.23%
111_LANUS,EP N° 209,306,54,0,0,54,52,3,1,51,47,2,3,44,53,4,0,53,55,4,3,52,45,2,3,42,92.74%,92.54%
111_LANUS,EP N° 359,160,26,0,0,26,28,2,2,26,24,1,0,24,24,3,0,24,27,2,2,25,31,3,1,30,97.95%,88.04%
111_LANUS,EP N° 446,248,39,0,0,39,39,2,0,39,43,2,3,40,47,1,4,43,36,3,2,34,44,2,3,41,87.11%,85.02%
112_C ROSALES,EP N° 553,262,43,0,0,43,45,1,1,44,43,3,3,40,43,3,1,42,40,1,1,39,48,6,3,45,95.67%,89.37%
112_C ROSALES,EP N° 678,358,65,0,0,65,53,4,3,50,59,4,1,58,68,0,1,67,57,7,1,56,56,0,1,55,86.67%,81.85%
112_C ROSALES,EP N° 701,291,44,0,0,44,46,5,1,45,42,5,1,41,57,1,0,57,45,3,1,44,57,3,5,52,96.64%,96.41%
112_C ROSALES,EP N° 823,71,13,0,0,13,10,0,0,10,11,0,0,11,13,1,0,13,13,2,0,13,11,1,1,10,89.04%,87.36%
112_C ROSALES,EP N° 956,139,23,0,0,23,21,0,0,21,23,0,0,23,19,1,1,18,27,1,2,25,26,1,3,23,95.79%,97.39%
112_C ROSALES,EP N° 1023,262,29,0,0,29,53,4,3,50,44,4,0,44,45,3,0,45,48,1,2,46,43,3,0,43,89.56%,90.13%
112_C ROSALES,EP N° 1125,324,52,0,0,52,54,4,1,53,46,0,1,45,55,3,4,51,59,4,2,57,58,4,3,55,94.79%,93.23%
113_BERISSO,EP N° 1285,255,41,0,0,41,40,4,1,39,38,4,0,38,49,4,2,47,48,2,1,47,39,2,0,39,98.80%,80.57%
113_BERISSO,EP N° 1326,129,25,0,0,25,18,1,1,17,25,2,0,25,18,0,0,18,24,1,0,24,19,1,0,19,94.62%,90.22%
113_BERISSO,EP N° 1423,438,78,0,0,78,60,4,2,58,86,6,2,84,69,2,1,68,75,4,1,74,70,5,3,67,97.33%,90.92%
113_BERISSO,EP N° 199,214,38,0,0,38,22,1,2,20,35,1,1,34,42,5,3,39,40,2,1,39,37,0,0,37,97.25%,86.25%
113_BERISSO,EP N° 203,234,30,0,0,30,48,3,4,44,44,2,0,44,33,2,2,31,42,3,1,41,37,2,2,35,95.73%,94.61%
113_BERISSO,EP N° 336,349,63,0,0,63,63,7,0,63,55,1,4,51,60,3,0,60,53,1,0,53,55,4,5,50,91.18%,89.33%
114_ENSENADA,EP N° 456,75,15,0,0,15,14,1,0,14,12,0,1,11,11,2,2,9,11,1,0,11,12,1,1,11,96.92%,87.80%
114_ENSENADA,EP N° 503,234,39,0,0,39,43,4,3,40,37,1,3,34,43,2,2,41,36,3,0,36,36,2,1,35,87.41%,86.45%
114_ENSENADA,EP N° 609,360,54,0,0,54,54,2,1,53,60,6,2,58,67,5,2,65,71,2,4,67,54,4,1,53,95.75%,80.23%
114_ENSENADA,EP N° 798,386,65,0,0,65,73,2,3,70,60,1,1,59,75,2,1,74,57,2,1,56,56,4,1,55,95.86%,92.95%
114_ENSENADA,EP N° 823,104,20,0,0,20,21,4,2,19,14,0,0,14,15,0,0,15,17,0,2,15,17,1,3,14,90.21%,88.24%
114_ENSENADA,EP N° 956,143,24,0,0,24,25,0,0,25,22,0,0,22,23,0,0,23,21,4,0,21,28,0,1,27,98.85%,93.85%
114_ENSENADA,EP N° 1003,328,56,0,0,56,58,5,2,56,56,2,0,56,59,6,2,57,48,4,3,45,51,5,2,49,90.12%,85.47%
115_SAN CAYETANO,EP N° 1123,313,45,0,0,45,70,7,0,70,53,4,0,53,49,1,2,47,46,3,0,46,50,4,1,49,92.76%,94.40%
115_SAN CAYETANO,EP N° 1256,219,30,0,0,30,38,3,1,37,39,5,0,39,42,5,1,41,33,1,2,31,37,3,0,37,92.65%,81.59%
115_SAN CAYETANO,EP N° 1356,255,44,0,0,44,38,3,1,37,49,2,1,48,42,2,1,41,39,4,1,38,43,5,0,43,91.63%,97.48%
115_SAN CAYETANO,EP N° 1423,273,38,0,0,38,38,1,0,38,51,7,2,49,51,2,0,51,50,3,0,50,45,5,5,40,86.21%,95.52%
115_SAN CAYETANO,EP N° 165,303,39,0,0,39,50,1,2,48,51,0,1,50,54,1,3,51,51,2,1,50,58,2,0,58,95.02%,87.03%
115_SAN CAYETANO,EP N° 223,354,54,0,0,54,67,3,2,65,59,1,2,57,58,1,1,57,54,6,2,52,62,7,3,59,86.45%,84.16%
116_ESCOBAR,EP N° 356,118,21,0,0,21,13,2,0,13,20,2,2,18,21,1,0,21,22,1,0,22,21,1,3,18,85.84%,88.78%
116_ESCOBAR,EP N° 156,402,66,0,0,66,74,5,1,73,67,3,2,65,78,3,1,77,55,3,2,53,62,4,2,60,89.31%,82.28%
116_ESCOBAR,EP N° 200,323,59,0,0,59,53,3,2,51,46,3,0,46,55,3,3,52,57,3,0,57,53,2,4,49,92.45%,95.34%
116_ESCOBAR,EP N° 359,416,62,0,0,62,63,8,2,61,70,4,0,70,69,4,2,67,68,9,1,67,84,5,1,83,95.27%,97.91%
116_ESCOBAR,EP N° 156,309,57,0,0,57,57,6,5,52,49,2,5,44,47,1,1,46,46,4,3,43,53,3,2,51,90.47%,95.14%
116_ESCOBAR,EP N° 209,431,81,0,0,81,80,5,4,76,65,5,2,63,59,6,1,58,78,4,2,76,68,3,1,67,94.18%,82.16%
116_ESCOBAR,EP N° 359,314,53,0,0,53,54,4,0,54,45,2,1,44,56,3,3,53,59,5,2,57,47,5,2,45,96.51%,89.83%
116_ESCOBAR,EP N° 446,412,69,0,0,69,55,3,2,53,78,6,3,75,67,2,5,62,71,3,2,69,72,2,2,70,87.04%,89.95%
116_ESCOBAR,EP N° 553,134,26,0,0,26,24,0,1,23,21,0,0,21,23,1,2,21,20,1,0,20,20,2,0,20,89.84%,93.70%
116_ESCOBAR,EP N° 678,317,51,0,0,51,54,5,0,54,55,2,1,54,58,2,1,57,55,8,0,55,44,3,1,43,97.80%,89.11%
116_ESCOBAR,EP N° 701,77,16,0,0,16,12,1,0,12,12,1,0,12,12,1,0,12,11,0,0,11,14,2,1,13,98.57%,82.26%
117_T DE FEBRERO,EP N° 823,573,103,0,0,103,87,5,0,87,93,8,3,90,108,9,3,105,96,5,3,93,86,3,7,79,88.42%,83.57%
117_T DE FEBRERO,EP N° 956,626,116,0,0,116,113,7,4,109,92,7,0,92,107,2,3,104,98,9,2,96,100,4,1,99,97.03%,95.63%
117_T DE FEBRERO,EP N° 1023,272,53,0,0,53,28,3,1,27,51,5,4,47,44,5,1,43,53,4,2,51,43,1,3,40,91.38%,86.54%
117_T DE FEBRERO,EP N° 1125,450,84,0,0,84,79,3,1,78,70,4,3,67,75,3,4,71,68,5,5,63,74,4,1,73,93.26%,87.98%
118_H YRIGOYEN,EP N° 1285,64,9,0,0,9,10,0,0,10,10,0,0,10,10,0,0,10,13,1,0,13,12,1,0,12,94.82%,87.82%
118_H YRIGOYEN,EP N° 1326,444,70,0,0,70,70,3,1,69,65,2,2,63,80,4,6,74,80,5,2,78,79,6,1,78,91.56%,95.51%
118_H YRIGOYEN,EP N° 1423,370,74,0,0,74,60,4,3,57,64,2,2,62,47,4,0,47,53,1,1,52,72,3,2,70,90.38%,93.29%
118_H YRIGOYEN,EP N° 199,328,65,0,0,65,52,3,1,51,59,3,3,56,50,6,3,47,55,4,1,54,47,0,1,46,86.92%,82.89%
119_BERAZATEGUI,EP N° 203,290,53,0,0,53,51,3,1,50,49,4,2,47,38,2,0,38,44,4,1,43,55,4,3,52,97.89%,89.63%
119_BERAZATEGUI,EP N° 336,63,11,0,0,11,10,0,0,10,11,0,0,11,8,0,1,7,11,1,1,10,12,1,0,12,86.74%,86.21%
119_BERAZATEGUI,EP N° 456,182,31,0,0,31,29,1,0,29,27,3,0,27,32,2,1,31,26,1,1,25,37,4,0,37,90.39%,93.97%
119_BERAZATEGUI,EP N° 503,44,7,0,0,7,9,4,0,9,6,0,0,6,8,0,0,8,7,1,0,7,7,2,0,7,95.65%,88.15%
119_BERAZATEGUI,EP N° 609,121,21,0,0,21,21,2,1,20,20,0,0,20,21,2,1,20,17,1,1,16,21,1,0,21,87.60%,83.95%
119_BERAZATEGUI,EP N° 798,315,43,0,0,43,44,1,0,44,54,7,1,53,66,2,3,63,54,2,3,51,54,1,3,51,89.26%,91.78%
119_BERAZATEGUI,EP N° 823,249,31,0,0,31,41,3,3,38,49,2,1,48,45,4,1,44,40,1,1,39,43,3,1,42,87.01%,88.02%
119_BERAZATEGUI,EP N° 956,250,32,0,0,32,45,1,3,42,46,2,2,44,46,2,1,45,39,0,0,39,42,1,2,40,85.41%,91.12%
119_BERAZATEGUI,EP N° 1003,222,37,0,0,37,39,5,1,38,38,0,1,37,37,3,1,36,34,1,0,34,37,3,0,37,93.34%,86.17%
119_BERAZATEGUI,EP N° 1123,309,49,0,0,49,42,3,1,41,51,2,2,49,53,2,2,51,57,5,3,54,57,4,0,57,95.72%,93.40%
119_BERAZATEGUI,EP N° 1256,176,33,0,0,33,29,2,2,27,31,2,0,31,28,2,1,27,28,2,1,27,27,3,0,27,88.73%,97.73%
119_BERAZATEGUI,EP N° 1356,245,39,0,0,39,41,3,4,37,35,3,1,34,42,5,0,42,41,3,2,39,47,2,2,45,88.61%,86.00%
119_BERAZATEGUI,EP N° 1423,260,53,0,0,53,31,2,1,30,41,0,0,41,43,3,2,41,41,5,2,39,51,2,1,50,92.33%,81.42%
120_SALLIQUELO,EP N° 165,266,55,0,0,55,49,2,1,48,31,5,0,31,41,1,1,40,42,4,3,39,48,3,1,47,91.08%,83.46%
120_SALLIQUELO,EP N° 223,91,11,0,0,11,16,2,1,15,17,2,0,17,18,1,0,18,15,2,2,13,14,4,2,12,85.08%,80.86%
120_SALLIQUELO,EP N° 356,211,32,0,0,32,39,4,1,38,31,0,1,30,42,2,0,42,28,5,1,27,39,1,0,39,96.31%,84.69%
120_SALLIQUELO,EP N° 156,277,41,0,0,41,49,0,1,48,48,3,3,45,41,4,0,41,47,3,2,45,51,3,1,50,93.91%,85.36%
120_SALLIQUELO,EP N° 200,295,46,0,0,46,53,0,2,51,53,2,2,51,52,3,2,50,38,2,3,35,53,3,2,51,94.75%,96.03%
120_SALLIQUELO,EP N° 359,379,69,0,0,69,58,4,2,56,70,7,1,69,57,4,1,56,61,2,1,60,64,4,0,64,93.45%,96.76%
121_C SARMIENTO,EP N° 156,322,49,0,0,49,55,5,2,53,61,1,4,57,53,4,0,53,42,6,1,41,62,4,3,59,85.46%,84.83%
121_C SARMIENTO,EP N° 209,357,54,0,0,54,59,4,1,58,65,3,2,63,63,2,2,61,59,4,4,55,57,3,3,54,93.37%,96.69%
121_C SARMIENTO,EP N° 359,77,11,0,0,11,12,0,0,12,14,0,0,14,12,0,0,12,16,2,1,15,12,2,0,12,85.19%,95.18%
122_ISLAS,EP N° 446,349,57,0,0,57,59,2,1,58,62,2,3,59,55,2,3,52,55,3,3,52,61,4,2,59,93.72%,82.75%
122_ISLAS,EP N° 553,234,39,0,0,39,37,3,0,37,38,1,0,38,39,4,1,38,45,3,2,43,36,2,1,35,89.51%,92.36%
122_ISLAS,EP N° 678,146,26,0,0,26,21,3,1,20,22,3,0,22,24,2,3,21,28,1,0,28,25,2,0,25,94.81%,80.41%
123_LA COSTA,EP N° 701,261,44,0,0,44,57,3,1,56,45,2,1,44,33,2,0,33,39,6,1,38,43,4,0,43,94.51%,89.86%
123_LA COSTA,EP N° 823,107,18,0,0,18,17,1,0,17,18,2,1,17,20,2,1,19,16,1,0,16,18,2,0,18,98.35%,83.30%
123_LA COSTA,EP N° 956,120,20,0,0,20,22,2,1,21,20,2,0,20,21,1,0,21,16,1,0,16,21,1,0,21,85.81%,95.41%
124_PINAMAR,EP N° 1023,227,37,0,0,37,37,2,3,34,41,3,1,40,38,2,0,38,41,4,2,39,33,2,0,33,85.80%,86.74%
124_PINAMAR,EP N° 1125,602,83,0,0,83,103,6,1,102,87,7,3,84,109,3,4,105,124,11,1,123,96,4,3,93,92.49%,90.73%
124_PINAMAR,EP N° 1285,224,31,0,0,31,36,0,2,34,43,3,0,43,45,0,2,43,30,0,0,30,39,2,2,37,97.86%,96.14%
124_PINAMAR,EP N° 1326,85,15,0,0,15,13,0,0,13,16,1,0,16,14,2,0,14,12,2,0,12,15,1,1,14,96.12%,93.52%
125_V GESELL,EP N° 1423,129,20,0,0,20,22,0,1,21,20,0,0,20,19,0,0,19,23,2,1,22,25,0,0,25,86.81%,95.17%
125_V GESELL,EP N° 199,182,32,0,0,32,30,2,2,28,29,1,0,29,32,2,1,31,33,2,1,32,26,3,0,26,92.65%,92.65%
125_V GESELL,EP N° 203,100,21,0,0,21,18,2,1,17,14,1,1,13,18,2,0,18,16,3,1,15,13,0,0,13,92.92%,81.73%
125_V GESELL,EP N° 336,316,60,0,0,60,40,4,0,40,47,2,3,44,59,2,0,59,59,1,1,58,51,4,1,50,90.53%,97.70%
126_M HERMOSO,EP N° 456,327,56,0,0,56,51,2,0,51,43,3,2,41,59,4,0,59,56,4,2,54,62,2,3,59,97.76%,94.64%
126_M HERMOSO,EP N° 503,361,47,0,0,47,58,5,0,58,64,0,3,61,65,7,0,65,64,2,4,60,63,4,0,63,88.99%,89.37%
126_M HERMOSO,EP N° 609,151,27,0,0,27,28,2,1,27,23,1,0,23,24,0,0,24,24,2,1,23,25,0,2,23,86.39%,95.39%
126_M HERMOSO,EP N° 798,427,65,0,0,65,65,5,0,65,70,7,0,70,87,4,1,86,70,6,3,67,70,4,1,69,88.60%,93.52%
126_M HERMOSO,EP N° 823,346,53,0,0,53,45,2,2,43,60,3,3,57,63,4,0,63,68,3,1,67,57,6,3,54,94.31%,84.80%
126_M HERMOSO,EP N° 956,221,36,0,0,36,35,1,0,35,39,3,1,38,31,1,0,31,40,1,3,37,40,0,5,35,86.39%,92.29%
127_TRES LOMAS,EP N° 1003,322,54,0,0,54,48,3,1,47,53,2,4,49,50,4,1,49,62,2,1,61,55,3,3,52,86.85%,82.20%
127_TRES LOMAS,EP N° 1123,59,9,0,0,9,8,0,0,8,12,0,1,11,9,0,0,9,10,1,0,10,11,1,1,10,85.91%,83.46%
127_TRES LOMAS,EP N° 1256,145,26,0,0,26,29,0,0,29,26,1,0,26,19,2,0,19,21,2,1,20,24,3,1,23,98.18%,96.05%
127_TRES LOMAS,EP N° 1356,324,60,0,0,60,52,1,2,50,49,4,2,47,58,2,2,56,51,1,3,48,54,5,1,53,85.34%,88.90%
127_TRES LOMAS,EP N° 1423,153,21,0,0,21,27,2,0,27,24,1,0,24,28,2,1,27,28,0,0,28,25,0,0,25,85.47%,89.05%
127_TRES LOMAS,EP N° 165,159,25,0,0,25,24,2,0,24,29,2,2,27,27,3,1,26,25,1,0,25,29,0,0,29,89.55%,84.19%
127_TRES LOMAS,EP N° 223,296,46,0,0,46,47,1,0,47,47,5,2,45,47,4,0,47,50,2,2,48,59,5,3,56,97.46%,96.71%
128_F AMEGHINO,EP N° 356,203,30,0,0,30,37,1,1,36,36,0,0,36,35,2,0,35,36,1,2,34,29,2,0,29,88.63%,89.83%
128_F AMEGHINO,EP N° 156,199,39,0,0,39,31,2,2,29,30,0,2,28,31,3,1,30,32,2,2,30,36,2,0,36,94.35%,86.51%
128_F AMEGHINO,EP N° 200,191,39,0,0,39,34,4,0,34,26,4,1,25,31,2,2,29,30,1,0,30,31,4,1,30,92.36%,85.97%
129_PTE PERON,EP N° 359,335,54,0,0,54,63,4,1,62,53,6,0,53,56,4,2,54,55,0,0,55,54,3,0,54,98.64%,84.00%
129_PTE PERON,EP N° 156,178,30,0,0,30,22,0,0,22,32,1,4,28,31,5,2,29,25,5,3,22,38,1,1,37,96.33%,89.10%
129_PTE PERON,EP N° 209,260,48,0,0,48,47,2,3,44,35,4,1,34,41,3,1,40,49,3,1,48,40,1,3,37,85.50%,95.54%
129_PTE PERON,EP N° 359,443,61,0,0,61,86,7,3,83,76,5,3,73,77,4,7,70,78,4,0,78,65,2,1,64,85.75%,92.39%
129_PTE PERON,EP N° 446,220,41,0,0,41,31,5,2,29,38,1,0,38,39,3,0,39,31,1,4,27,40,3,2,38,93.01%,95.68%
129_PTE PERON,EP N° 553,303,56,0,0,56,59,4,1,58,44,5,4,40,38,2,2,36,54,4,0,54,52,4,1,51,91.61%,94.38%
130_EZEIZA,EP N° 678,253,38,0,0,38,43,2,5,38,44,2,0,44,48,4,2,46,42,2,1,41,38,4,1,37,97.72%,87.94%
130_EZEIZA,EP N° 701,278,49,0,0,49,48,2,2,46,40,5,0,40,41,4,3,38,47,3,0,47,53,2,3,50,98.66%,90.04%
130_EZEIZA,EP N° 823,372,51,0,0,51,69,4,2,67,61,2,1,60,63,4,2,61,52,3,3,49,76,4,6,70,91.15%,91.69%
130_EZEIZA,EP N° 956,280,45,0,0,45,39,2,0,39,60,6,4,56,37,1,1,36,45,2,3,42,54,3,0,54,98.05%,91.30%
130_EZEIZA,EP N° 1023,455,73,0,0,73,74,5,0,74,84,7,4,80,78,3,6,72,71,5,1,70,75,9,0,75,91.97%,87.70%
130_EZEIZA,EP N° 1125,369,56,0,0,56,71,9,3,68,62,6,1,61,69,1,5,64,51,1,3,48,60,5,2,58,86.52%,96.78%
131_SAN MIGUEL,EP N° 1285,385,78,0,0,78,62,4,2,60,57,3,1,56,60,3,2,58,63,3,1,62,65,2,1,64,85.72%,97.93%
131_SAN MIGUEL,EP N° 1326,235,39,0,0,39,44,5,1,43,36,1,2,34,38,3,1,37,40,2,2,38,38,3,0,38,87.97%,89.58%
131_SAN MIGUEL,EP N° 1423,337,61,0,0,61,50,2,2,48,56,2,2,54,67,9,2,65,50,4,3,47,53,2,1,52,88.31%,96.35%
131_SAN MIGUEL,EP N° 199,526,89,0,0,89,108,6,2,106,76,5,2,74,80,4,2,78,84,6,5,79,89,5,4,85,88.39%,90.70%
131_SAN MIGUEL,EP N° 203,101,16,0,0,16,17,0,0,17,17,0,1,16,17,2,2,15,17,0,0,17,17,1,0,17,85.02%,93.17%
131_SAN MIGUEL,EP N° 336,363,68,0,0,68,64,3,0,64,46,3,0,46,63,0,4,59,60,4,5,55,62,3,3,59,90.06%,84.69%
131_SAN MIGUEL,EP N° 456,182,31,0,0,31,36,0,1,35,28,1,0,28,36,2,2,34,26,0,0,26,25,0,1,24,92.41%,97.08%
131_SAN MIGUEL,EP N° 503,305,44,0,0,44,59,6,1,58,65,1,2,63,44,3,0,44,42,2,1,41,51,1,4,47,93.15%,94.32%
131_SAN MIGUEL,EP N° 609,249,37,0,0,37,32,4,2,30,41,2,3,38,41,2,2,39,50,3,1,49,48,6,2,46,95.20%,86.21%
131_SAN MIGUEL,EP N° 798,136,24,0,0,24,24,1,1,23,19,0,1,18,27,1,1,26,18,2,0,18,24,2,1,23,94.56%,87.07%
131_SAN MIGUEL,EP N° 823,117,16,0,0,16,18,0,1,17,20,3,0,20,20,2,0,20,22,0,1,21,21,0,1,20,87.37%,92.55%
131_SAN MIGUEL,EP N° 956,118,19,0,0,19,17,0,0,17,21,1,0,21,18,0,0,18,21,1,1,20,22,0,0,22,90.35%,91.66%
131_SAN MIGUEL,EP N° 1003,201,35,0,0,35,37,6,0,37,28,0,1,27,31,1,0,31,37,1,2,35,33,2,1,32,88.35%,86.64%
132_JOSE C. PAZ,EP N° 1123,66,12,0,0,12,10,1,0,10,10,1,0,10,11,0,1,10,12,1,0,12,11,1,0,11,92.76%,91.37%
132_JOSE C. PAZ,EP N° 1256,215,41,0,0,41,31,0,3,28,36,1,0,36,39,2,1,38,28,2,2,26,40,0,1,39,95.62%,89.83%
132_JOSE C. PAZ,EP N° 1356,307,63,0,0,63,44,1,1,43,49,1,4,45,49,3,1,48,52,5,2,50,50,5,3,47,92.33%,90.94%
132_JOSE C. PAZ,EP N° 1423,482,69,0,0,69,73,7,3,70,85,2,2,83,83,6,2,81,88,4,4,84,84,3,1,83,85.61%,86.56%
132_JOSE C. PAZ,EP N° 165,442,66,0,0,66,63,4,0,63,86,3,3,83,80,4,3,77,75,5,5,70,72,5,8,64,87.82%,89.42%
132_JOSE C. PAZ,EP N° 223,90,16,0,0,16,11,0,0,11,12,0,0,12,17,0,2,15,18,1,2,16,16,1,0,16,91.89%,93.20%
133_MALVINAS ARG,EP N° 356,70,12,0,0,12,12,1,0,12,10,0,0,10,13,1,0,13,11,1,0,11,12,2,0,12,86.97%,85.86%
133_MALVINAS ARG,EP N° 156,276,48,0,0,48,44,4,1,43,44,1,0,44,45,4,0,45,46,2,0,46,49,3,3,46,95.06%,86.27%
133_MALVINAS ARG,EP N° 200,73,13,0,0,13,10,1,0,10,14,0,0,14,12,0,1,11,12,0,0,12,12,1,0,12,95.05%,85.70%
133_MALVINAS ARG,EP N° 359,64,10,0,0,10,11,1,0,11,10,1,0,10,13,2,0,13,11,1,0,11,9,2,2,7,93.48%,88.66%
133_MALVINAS ARG,EP N° 156,172,33,0,0,33,31,4,2,29,28,1,0,28,27,1,0,27,22,2,1,21,31,0,0,31,96.05%,89.60%
133_MALVINAS ARG,EP N° 209,347,52,0,0,52,57,2,2,55,78,7,2,76,57,3,3,54,57,5,0,57,46,4,0,46,96.31%,91.02%
133_MALVINAS ARG,EP N° 359,256,35,0,0,35,48,2,3,45,50,3,1,49,43,4,0,43,36,2,0,36,44,4,3,41,94.08%,93.06%
133_MALVINAS ARG,EP N° 446,441,56,0,0,56,84,6,5,79,60,3,1,59,68,1,2,66,99,5,3,96,74,7,5,69,93.17%,80.77%
133_MALVINAS ARG,EP N° 553,158,25,0,0,25,26,0,2,24,26,2,1,25,28,3,3,25,28,1,3,25,25,2,1,24,97.68%,86.71%
133_MALVINAS ARG,EP N° 678,294,47,0,0,47,49,2,0,49,56,2,2,54,49,2,0,49,44,3,0,44,49,1,1,48,93.28%,80.52%
133_MALVINAS ARG,EP N° 701,414,71,0,0,71,63,4,2,61,72,1,4,68,73,5,3,70,75,6,3,72,60,6,0,60,94.78%,97.19%
133_MALVINAS ARG,EP N° 823,85,14,0,0,14,16,1,0,16,14,0,0,14,12,1,0,12,16,1,1,15,13,0,1,12,92.29%,91.18%
133_MALVINAS ARG,EP N° 956,239,38,0,0,38,39,2,2,37,38,3,1,37,30,5,1,29,49,2,1,48,45,0,2,43,94.86%,91.91%
134_PUNTA INDIO,EP N° 1023,524,90,0,0,90,86,9,4,82,84,5,2,82,87,6,6,81,86,8,0,86,91,9,3,88,98.18%,83.59%
134_PUNTA INDIO,EP N° 1125,251,41,0,0,41,34,5,2,32,41,3,0,41,49,2,3,46,50,1,1,49,36,1,0,36,87.33%,88.16%
134_PUNTA INDIO,EP N° 1285,348,58,0,0,58,58,6,2,56,62,2,0,62,47,5,3,44,63,7,0,63,60,4,5,55,98.70%,88.48%
134_PUNTA INDIO,EP N° 1326,220,34,0,0,34,43,3,2,41,39,4,2,37,29,2,1,28,37,1,2,35,38,1,1,37,88.42%,96.26%
134_PUNTA INDIO,EP N° 1423,271,50,0,0,50,44,4,1,43,42,4,4,38,43,1,1,42,43,2,1,42,49,3,2,47,94.85%,82.46%
135_HURLINGHAM,EP N° 199,351,63,0,0,63,56,6,3,53,63,3,1,62,58,6,3,55,59,4,0,59,52,4,2,50,89.00%,85.36%
135_HURLINGHAM,EP N° 203,240,38,0,0,38,39,3,1,38,41,3,1,40,41,2,1,40,44,2,2,42,37,1,0,37,98.68%,90.58%
135_HURLINGHAM,EP N° 336,642,126,0,0,126,118,4,4,114,97,6,5,92,94,6,1,93,110,4,0,110,97,5,6,91,95.08%,81.39%
135_HURLINGHAM,EP N° 456,272,49,0,0,49,39,4,0,39,47,3,4,43,53,4,3,50,50,3,1,49,34,2,0,34,87.01%,86.73%
135_HURLINGHAM,EP N° 503,315,53,0,0,53,65,2,4,61,48,3,2,46,47,3,4,43,56,1,2,54,46,2,0,46,96.64%,95.29%
135_HURLINGHAM,EP N° 609,372,50,0,0,50,70,2,3,67,64,5,3,61,62,5,2,60,67,5,1,66,59,1,1,58,92.61%,84.96%
135_HURLINGHAM,EP N° 798,292,39,0,0,39,50,3,2,48,45,1,1,44,55,5,1,54,45,3,0,45,58,5,2,56,94.80%,97.25%
135_HURLINGHAM,EP N° 823,361,68,0,0,68,65,6,2,63,50,2,0,50,62,4,2,60,52,5,2,50,64,5,1,63,92.68%,91.41%
135_HURLINGHAM,EP N° 956,335,62,0,0,62,57,3,1,56,66,0,1,65,48,4,3,45,55,7,2,53,47,2,0,47,90.73%,97.85%
135_HURLINGHAM,EP N° 1003,228,40,0,0,40,34,1,1,33,36,0,1,35,33,0,2,31,45,2,1,44,40,1,1,39,92.20%,88.43%
135_HURLINGHAM,EP N° 1123,366,63,0,0,63,55,4,0,55,63,5,1,62,48,0,1,47,68,7,2,66,69,4,0,69,93.16%,91.01%
135_HURLINGHAM,EP N° 1256,297,57,0,0,57,56,5,2,54,49,4,4,45,43,1,1,42,45,3,1,44,47,0,2,45,96.48%,97.38%
135_HURLINGHAM,EP N° 1356,301,45,0,0,45,41,3,2,39,47,0,4,43,56,5,1,55,57,5,1,56,55,2,1,54,91.89%,95.41%
136_ITUZAINGO,EP N° 1423,59,7,0,0,7,10,0,0,10,12,0,0,12,10,0,0,10,11,0,0,11,9,1,0,9,95.06%,89.85%
136_ITUZAINGO,EP N° 165,451,70,0,0,70,76,5,3,73,69,6,3,66,84,5,3,81,77,2,0,77,75,0,1,74,93.18%,90.72%
136_ITUZAINGO,EP N° 223,223,35,0,0,35,41,2,2,39,45,5,1,44,34,1,0,34,33,2,2,31,35,2,0,35,96.01%,84.85%
136_ITUZAINGO,EP N° 356,378,69,0,0,69,65,5,1,64,66,4,2,64,71,5,0,71,55,5,2,53,52,2,1,51,88.92%,84.10%
136_ITUZAINGO,EP N° 156,331,57,0,0,57,61,4,1,60,46,1,1,45,58,0,2,56,59,3,2,57,50,6,1,49,95.10%,93.59%
136_ITUZAINGO,EP N° 200,282,37,0,0,37,52,4,1,51,42,4,0,42,49,5,2,47,48,2,4,44,54,2,5,49,94.86%,93.56%
136_ITUZAINGO,EP N° 359,108,20,0,0,20,21,1,0,21,18,0,0,18,16,0,0,16,13,1,0,13,20,3,0,20,89.14%,97.56%
136_ITUZAINGO,EP N° 156,242,40,0,0,40,38,0,1,37,41,2,1,40,44,3,2,42,40,4,0,40,39,1,1,38,89.50%,87.62%
136_ITUZAINGO,EP N° 209,238,36,0,0,36,41,2,1,40,40,0,1,39,43,1,0,43,37,2,1,36,41,2,0,41,98.80%,86.61%
137_LEZAMA,EP N° 359,178,36,0,0,36,22,1,0,22,29,1,2,27,28,2,2,26,33,3,0,33,30,1,1,29,96.91%,96.77%
137_LEZAMA,EP N° 446,368,60,0,0,60,47,3,2,45,65,2,1,64,59,6,0,59,71,4,3,68,66,2,3,63,86.96%,87.21%
137_LEZAMA,EP N° 553,299,42,0,0,42,49,4,1,48,47,5,1,46,58,3,3,55,54,2,2,52,49,5,1,48,94.00%,87.10%
,EP N° 678,,,,,,,,,,,,,,,,,,,,,,,,,,,